entry_time,entry_price,timeframe,smart_money_score,smart_money_bias,structure_event,liquidity_event,order_block_nearby,fvg_nearby,premium_discount_zone,future_time_1h,future_return_1h,future_time_4h,future_return_4h,future_time_24h,future_return_24h,future_time_3d,future_return_3d,max_adverse_move,max_favorable_move,directional_return_1h,directional_return_4h,directional_return_24h,directional_return_3d,outcome
2026-05-04T10:00:00,78731.6,15m,35,bearish,bearish_BOS,,0,0,premium,2026-05-04T11:00:00,0.3915,2026-05-04T14:00:00,0.3043,2026-05-05T10:00:00,2.4824,,,-0.6635,5.1559,-0.3915,-0.3043,-2.4824,,LOSS
2026-05-04T14:45:00,80235.0,15m,35,bullish,bullish_CHoCH,,0,0,premium,2026-05-04T15:45:00,-0.2626,2026-05-04T18:45:00,-0.1619,2026-05-05T14:45:00,1.3743,,,-1.103,3.1855,-0.2626,-0.1619,1.3743,,WIN
2026-05-04T14:45:00,80235.0,15m,30,bullish,,bullish_sweep,0,0,premium,2026-05-04T15:45:00,-0.2626,2026-05-04T18:45:00,-0.1619,2026-05-05T14:45:00,1.3743,,,-1.103,3.1855,-0.2626,-0.1619,1.3743,,WIN
2026-05-04T15:15:00,79700.0,15m,35,bearish,,bearish_sweep,0,0,premium,2026-05-04T16:15:00,0.6762,2026-05-04T19:15:00,0.2908,2026-05-05T15:15:00,2.3838,,,-0.2664,3.8782,-0.6762,-0.2908,-2.3838,,LOSS
2026-05-04T17:45:00,80395.0,15m,35,bearish,,bearish_sweep,0,0,premium,2026-05-04T18:45:00,-0.3606,2026-05-04T21:45:00,-0.1802,2026-05-05T17:45:00,1.1058,,,-0.8109,2.9802,0.3606,0.1802,-1.1058,,LOSS
2026-05-04T23:30:00,79754.0,15m,40,bearish,bearish_CHoCH,,0,0,premium,2026-05-05T00:30:00,0.4041,2026-05-05T03:30:00,1.4496,2026-05-05T23:30:00,1.4688,,,-0.0137,3.8078,-0.4041,-1.4496,-1.4688,,LOSS
2026-05-04T23:45:00,79843.7,15m,30,bullish,,bullish_sweep,0,0,premium,2026-05-05T00:45:00,0.4059,2026-05-05T03:45:00,1.297,2026-05-05T23:45:00,1.324,,,-0.0447,3.6912,0.4059,1.297,1.324,,WIN
2026-05-05T02:00:00,80423.9,15m,50,bullish,bullish_CHoCH,,1,0,premium,2026-05-05T03:00:00,0.3082,2026-05-05T06:00:00,0.6783,2026-05-06T02:00:00,1.1167,,,-0.0652,2.9432,0.3082,0.6783,1.1167,,WIN
2026-05-05T02:00:00,80423.9,15m,35,bearish,,bearish_sweep,0,0,premium,2026-05-05T03:00:00,0.3082,2026-05-05T06:00:00,0.6783,2026-05-06T02:00:00,1.1167,,,-0.0652,2.9432,-0.3082,-0.6783,-1.1167,,LOSS
2026-05-05T02:30:00,80779.2,15m,45,bullish,bullish_BOS,,1,0,premium,2026-05-05T03:30:00,0.162,2026-05-05T06:30:00,0.0399,2026-05-06T02:30:00,0.5024,,,-0.3985,2.4904,0.162,0.0399,0.5024,,WIN
2026-05-05T02:45:00,80529.0,15m,45,bullish,bullish_BOS,,1,0,premium,2026-05-05T03:45:00,0.435,2026-05-05T06:45:00,0.5402,2026-05-06T02:45:00,1.0386,,,-0.089,2.8088,0.435,0.5402,1.0386,,WIN
2026-05-05T02:45:00,80529.0,15m,35,bearish,,bearish_sweep,0,0,premium,2026-05-05T03:45:00,0.435,2026-05-05T06:45:00,0.5402,2026-05-06T02:45:00,1.0386,,,-0.089,2.8088,-0.435,-0.5402,-1.0386,,LOSS
2026-05-05T03:00:00,80671.8,1h,35,bearish,,bearish_sweep,0,0,premium,2026-05-05T04:00:00,0.1428,2026-05-05T07:00:00,0.4133,2026-05-06T03:00:00,0.9254,,,-0.1882,2.6268,-0.1428,-0.4133,-0.9254,,LOSS
2026-05-05T04:00:00,80787.0,1h,45,bullish,bullish_BOS,,1,0,premium,2026-05-05T05:00:00,0.1181,2026-05-05T08:00:00,0.1134,2026-05-06T04:00:00,0.9817,,,-0.3305,2.4805,0.1181,0.1134,0.9817,,WIN
2026-05-05T05:15:00,81065.7,15m,45,bullish,bullish_BOS,,1,0,premium,2026-05-05T06:15:00,-0.3154,2026-05-05T09:15:00,-0.5054,2026-05-06T05:15:00,0.2275,,,-0.6732,2.1282,-0.3154,-0.5054,0.2275,,WIN
2026-05-05T05:15:00,81065.7,15m,35,bearish,,bearish_sweep,0,0,premium,2026-05-05T06:15:00,-0.3154,2026-05-05T09:15:00,-0.5054,2026-05-06T05:15:00,0.2275,,,-0.6732,2.1282,0.3154,0.5054,-0.2275,,LOSS
2026-05-05T12:15:00,81239.9,15m,45,bullish,bullish_BOS,,1,0,premium,2026-05-05T13:15:00,0.2773,2026-05-05T16:15:00,0.2264,2026-05-06T12:15:00,1.4108,,,-0.63,1.9092,0.2773,0.2264,1.4108,,WIN
2026-05-05T13:00:00,81637.2,15m,45,bullish,bullish_BOS,,1,0,premium,2026-05-05T14:00:00,-0.6354,2026-05-05T17:00:00,-0.3731,2026-05-06T13:00:00,0.5673,,,-1.1136,1.4132,-0.6354,-0.3731,0.5673,,WIN
2026-05-05T13:00:00,81637.2,1h,60,bullish,bullish_BOS,,1,1,premium,2026-05-05T14:00:00,-0.6354,2026-05-05T17:00:00,-0.3731,2026-05-06T13:00:00,0.5673,,,-1.1136,1.4132,-0.6354,-0.3731,0.5673,,WIN
2026-05-05T14:00:00,81118.5,15m,35,bearish,,bearish_sweep,0,0,premium,2026-05-05T15:00:00,0.56,2026-05-05T18:00:00,0.5551,2026-05-06T14:00:00,0.3818,,,-0.4813,2.0617,-0.56,-0.5551,-0.3818,,LOSS
2026-05-05T14:00:00,81118.5,1h,35,bearish,,bearish_sweep,0,0,premium,2026-05-05T15:00:00,0.56,2026-05-05T18:00:00,0.5551,2026-05-06T14:00:00,0.3818,,,-0.4813,2.0617,-0.56,-0.5551,-0.3818,,LOSS
2026-05-05T19:30:00,81650.0,15m,45,bullish,bullish_BOS,,1,0,premium,2026-05-05T20:30:00,0.0061,2026-05-05T23:30:00,-0.8874,2026-05-06T19:30:00,-0.2681,,,-1.1291,1.3973,0.0061,-0.8874,-0.2681,,LOSS
2026-05-05T20:00:00,81704.2,15m,45,bullish,bullish_BOS,,1,0,premium,2026-05-05T21:00:00,-0.1111,2026-05-06T00:00:00,-0.671,2026-05-06T20:00:00,-0.0821,,,-1.1947,1.33,-0.1111,-0.671,-0.0821,,LOSS
2026-05-05T20:00:00,81704.2,15m,35,bearish,,bearish_sweep,0,0,premium,2026-05-05T21:00:00,-0.1111,2026-05-06T00:00:00,-0.671,2026-05-06T20:00:00,-0.0821,,,-1.1947,1.33,0.1111,0.671,0.0821,,WIN
2026-05-05T20:15:00,81558.5,15m,35,bearish,,bearish_sweep,0,0,premium,2026-05-05T21:15:00,-0.1171,2026-05-06T00:15:00,-0.7712,2026-05-06T20:15:00,0.0135,,,-1.0182,1.5111,0.1171,0.7712,-0.0135,,LOSS
2026-05-05T22:30:00,81000.0,15m,40,bearish,bearish_CHoCH,,0,0,premium,2026-05-05T23:30:00,-0.0921,2026-05-06T02:30:00,0.2284,,,,,-0.3357,2.211,0.0921,-0.2284,,,LOSS
2026-05-05T22:30:00,81000.0,15m,30,bullish,,bullish_sweep,0,0,premium,2026-05-05T23:30:00,-0.0921,2026-05-06T02:30:00,0.2284,,,,,-0.3357,2.211,-0.0921,0.2284,,,WIN
2026-05-05T22:45:00,81113.1,15m,30,bullish,,bullish_sweep,0,0,premium,2026-05-05T23:45:00,-0.2617,2026-05-06T02:45:00,0.311,,,,,-0.4746,2.0685,-0.2617,0.311,,,WIN
2026-05-05T23:15:00,80880.1,15m,50,bearish,bearish_BOS,,1,0,premium,2026-05-06T00:15:00,0.0611,2026-05-06T03:15:00,0.9306,,,,,-0.1879,2.3625,-0.0611,-0.9306,,,LOSS
2026-05-06T03:15:00,81632.8,15m,50,bullish,bullish_CHoCH,,1,0,premium,2026-05-06T04:15:00,-0.2472,2026-05-06T07:15:00,-0.0985,,,,,-0.7046,1.4187,-0.2472,-0.0985,,,LOSS
2026-05-06T03:30:00,81536.9,15m,35,bearish,,bearish_sweep,0,0,premium,2026-05-06T04:30:00,-0.1805,2026-05-06T07:30:00,-0.1439,,,,,-0.5878,1.538,0.1805,0.1439,,,WIN
2026-05-06T04:00:00,81580.1,1h,35,bearish,,bearish_sweep,0,0,premium,2026-05-06T05:00:00,-0.3734,2026-05-06T08:00:00,-0.0327,,,,,-0.6405,1.4842,0.3734,0.0327,,,WIN
2026-05-06T08:30:00,81705.1,15m,35,bearish,,bearish_sweep,0,0,premium,2026-05-06T09:30:00,0.3666,2026-05-06T12:30:00,0.7536,,,,,-0.6804,1.3289,-0.3666,-0.7536,,,LOSS
2026-05-06T08:45:00,81946.8,15m,45,bullish,bullish_BOS,,1,0,premium,2026-05-06T09:45:00,0.025,2026-05-06T12:45:00,0.3295,,,,,-0.9733,1.0301,0.025,0.3295,,,WIN
2026-05-06T09:00:00,81810.5,15m,45,bullish,bullish_BOS,,1,0,premium,2026-05-06T10:00:00,0.3008,2026-05-06T13:00:00,0.3542,,,,,-0.8083,1.1984,0.3008,0.3542,,,WIN
2026-05-06T09:00:00,81810.5,1h,60,bullish,bullish_BOS,,1,1,premium,2026-05-06T10:00:00,0.3008,2026-05-06T13:00:00,0.3542,,,,,-0.8083,1.1984,0.3008,0.3542,,,WIN
2026-05-06T09:00:00,81810.5,1h,35,bearish,,bearish_sweep,0,0,premium,2026-05-06T10:00:00,0.3008,2026-05-06T13:00:00,0.3542,,,,,-0.8083,1.1984,-0.3008,-0.3542,,,LOSS
2026-05-06T09:15:00,81752.2,15m,45,bullish,bullish_BOS,,1,0,premium,2026-05-06T10:15:00,0.5179,2026-05-06T13:15:00,0.2531,,,,,-0.7376,1.2705,0.5179,0.2531,,,WIN
2026-05-06T10:00:00,82056.6,1h,60,bullish,bullish_BOS,,1,1,premium,2026-05-06T11:00:00,0.4063,2026-05-06T14:00:00,-0.7658,,,,,-1.1058,0.8949,0.4063,-0.7658,,,LOSS
2026-05-06T14:00:00,81428.2,15m,30,bullish,,bullish_sweep,0,0,premium,2026-05-06T15:00:00,-0.0475,2026-05-06T18:00:00,0.0322,,,,,-0.2801,0.6617,-0.0475,0.0322,,,WIN
2026-05-06T14:00:00,81428.2,1h,35,bearish,,bearish_sweep,0,0,premium,2026-05-06T15:00:00,-0.0475,2026-05-06T18:00:00,0.0322,,,,,-0.2801,0.6617,0.0475,-0.0322,,,LOSS
