timeframe,timestamp,close,ema20,ema50,ema200,sma20,sma50,sma200,rsi14,macd,macd_signal,macd_histogram,bb_upper,bb_middle,bb_lower,bb_width,bb_squeeze,atr14,volume_ratio,volume_quality,trend_state,momentum_state,volatility_state,trend_strength_score
15m,2026-05-08T07:30:00+00:00,79558.7,,,,,,,37.88,,,,,,,,False,,,reliable,neutral,neutral,normal,20.0
15m,2026-05-08T07:45:00+00:00,79666.8,,,,,,,45.95,,,,,,,,False,,,reliable,neutral,neutral,normal,20.0
15m,2026-05-08T08:00:00+00:00,79706.5,,,,,,,48.59,,,,,,,,False,,,reliable,neutral,neutral,normal,20.0
15m,2026-05-08T08:15:00+00:00,79752.9,,,,,,,51.57,,,,,,,,False,116.35,,reliable,neutral,neutral,normal,20.0
15m,2026-05-08T08:30:00+00:00,79864.6,,,,,,,57.9,,,,,,,,False,116.94,,reliable,neutral,neutral,normal,20.0
15m,2026-05-08T08:45:00+00:00,79870.0,,,,,,,58.18,,,,,,,,False,114.87,,reliable,neutral,neutral,normal,20.0
15m,2026-05-08T09:00:00+00:00,79984.9,,,,,,,63.79,,,,,,,,False,116.02,,reliable,neutral,neutral,normal,20.0
15m,2026-05-08T09:15:00+00:00,79900.0,,,,,,,57.64,,,,,,,,False,117.47,,reliable,neutral,neutral,normal,20.0
15m,2026-05-08T09:30:00+00:00,79850.3,,,,,,,54.34,,,,,,,,False,114.75,,reliable,neutral,neutral,normal,20.0
15m,2026-05-08T09:45:00+00:00,79850.1,79671.18,,,79671.17,,,54.33,,,,80036.45,79671.17,79305.9,0.00917,False,112.16,0.6001,reliable,neutral,neutral,normal,40.0
15m,2026-05-08T10:00:00+00:00,79809.9,79684.39,,,79679.23,,,51.56,,,,80049.5,79679.23,79308.96,0.009294,False,120.72,0.6563,reliable,neutral,neutral,normal,40.0
15m,2026-05-08T10:15:00+00:00,79889.3,79703.9,,,79692.51,,,56.3,,,,80073.29,79692.51,79311.73,0.009556,False,117.99,0.138,reliable,neutral,neutral,normal,40.0
15m,2026-05-08T10:30:00+00:00,80146.7,79746.07,,,79713.85,,,67.42,,,,80145.53,79713.85,79282.17,0.010831,False,128.3,0.896,reliable,neutral,neutral,normal,40.0
15m,2026-05-08T10:45:00+00:00,80204.3,79789.71,,,79743.51,,,69.31,,,,80224.2,79743.51,79262.81,0.012056,False,126.42,2.5986,reliable,neutral,neutral,normal,40.0
15m,2026-05-08T11:00:00+00:00,80215.0,79830.22,,,79775.24,,,69.66,,,,80292.95,79775.24,79257.52,0.012979,False,124.23,1.0118,reliable,neutral,neutral,normal,40.0
15m,2026-05-08T11:15:00+00:00,80290.3,79874.04,,,79812.4,,,72.08,238.4183,,,80366.57,79812.4,79258.23,0.013887,False,121.81,1.0496,reliable,neutral,overbought,normal,40.0
15m,2026-05-08T11:30:00+00:00,80148.5,79900.17,,,79842.61,,,62.04,232.0581,,,80401.1,79842.61,79284.12,0.01399,False,123.71,1.826,reliable,neutral,neutral,normal,40.0
15m,2026-05-08T11:45:00+00:00,80219.5,79930.59,,,79878.7,,,64.69,230.0943,,,80436.63,79878.7,79320.77,0.013969,False,123.75,0.4255,reliable,neutral,neutral,normal,40.0
15m,2026-05-08T12:00:00+00:00,80235.1,79959.59,,,79924.68,,,65.27,227.178,,,80436.89,79924.68,79412.46,0.012818,False,126.72,1.3504,reliable,neutral,neutral,normal,40.0
15m,2026-05-08T12:15:00+00:00,80300.0,79992.01,,,79973.17,,,67.62,227.4815,,,80428.91,79973.17,79517.43,0.011397,False,122.31,0.4042,reliable,neutral,neutral,normal,40.0
15m,2026-05-08T12:30:00+00:00,80220.9,80013.81,,,80006.28,,,62.09,218.8168,,,80430.35,80006.28,79582.21,0.010601,False,135.28,3.4094,reliable,neutral,neutral,normal,40.0
15m,2026-05-08T12:45:00+00:00,80002.0,80012.68,,,80023.04,,,49.92,192.0726,,,80415.97,80023.04,79630.11,0.00982,False,144.23,1.1909,reliable,neutral,neutral,normal,20.0
15m,2026-05-08T13:00:00+00:00,79673.0,79980.33,,,80021.36,,,37.9,142.6852,,,80420.22,80021.36,79622.51,0.009969,False,165.4,1.8005,reliable,neutral,neutral,normal,20.0
15m,2026-05-08T13:15:00+00:00,79602.7,79944.37,,,80013.85,,,35.91,96.7574,200.618,-103.8606,80438.8,80013.85,79588.91,0.010622,False,167.64,0.8794,reliable,neutral,bearish,normal,20.0
15m,2026-05-08T13:30:00+00:00,79575.6,79909.25,,,79999.4,,,35.14,57.5096,171.9963,-114.4868,80463.56,79999.4,79535.25,0.011604,False,173.06,2.8534,reliable,neutral,bearish,normal,20.0
15m,2026-05-08T13:45:00+00:00,79626.8,79882.35,,,79987.24,,,37.84,30.1888,143.6348,-113.446,80477.68,79987.24,79496.81,0.012263,False,170.22,3.7868,reliable,neutral,bearish,normal,20.0
15m,2026-05-08T14:00:00+00:00,79911.8,79885.15,,,79983.59,,,50.25,31.1747,121.1428,-89.9681,80475.18,79983.59,79492.0,0.012292,False,181.2,1.6936,reliable,neutral,weakening,normal,40.0
15m,2026-05-08T14:15:00+00:00,80074.6,79903.19,,,79992.32,,,55.69,44.5787,105.83,-61.2513,80483.86,79992.32,79500.78,0.01229,False,203.72,1.9537,reliable,neutral,weakening,normal,40.0
15m,2026-05-08T14:30:00+00:00,80200.0,79931.46,,,80009.8,,,59.37,64.5758,97.5792,-33.0033,80504.94,80009.8,79514.67,0.012377,False,220.38,1.2762,reliable,neutral,weakening,normal,40.0
15m,2026-05-08T14:45:00+00:00,80119.3,79949.35,,,80023.26,,,56.14,73.0696,92.6772,-19.6077,80514.75,80023.26,79531.78,0.012283,False,218.39,0.8533,reliable,neutral,weakening,normal,40.0
15m,2026-05-08T15:00:00+00:00,79857.1,79940.57,,,80025.62,,,47.15,57.9753,85.7369,-27.7616,80513.23,80025.62,79538.02,0.012186,False,226.74,1.0696,reliable,neutral,bearish,normal,20.0
15m,2026-05-08T15:15:00+00:00,79667.2,79914.53,,,80014.52,,,41.91,30.3399,74.6575,-44.3176,80524.79,80014.52,79504.25,0.012754,False,229.79,0.6864,reliable,neutral,bearish,normal,20.0
15m,2026-05-08T15:30:00+00:00,79960.5,79918.91,,,80005.21,,,50.97,31.7396,66.0739,-34.3343,80512.11,80005.21,79498.31,0.012672,False,241.45,0.9983,reliable,neutral,weakening,normal,40.0
15m,2026-05-08T15:45:00+00:00,80114.9,79937.57,,,80000.74,,,54.95,44.7913,61.8174,-17.026,80501.79,80000.74,79499.69,0.012526,False,240.92,0.7072,reliable,neutral,weakening,normal,40.0
15m,2026-05-08T16:00:00+00:00,79956.9,79939.41,,,79987.83,,,50.44,41.9026,57.8344,-15.9318,80478.84,79987.83,79496.83,0.012277,False,238.72,0.6862,reliable,neutral,weakening,normal,40.0
15m,2026-05-08T16:15:00+00:00,79933.1,79938.81,,,79969.98,,,49.77,37.2633,53.7202,-16.4569,80440.2,79969.98,79499.75,0.01176,False,229.17,0.2977,reliable,neutral,bearish,normal,20.0
15m,2026-05-08T16:30:00+00:00,79790.2,79924.66,,,79952.06,,,45.87,21.8044,47.3371,-25.5326,80420.95,79952.06,79483.17,0.011729,False,226.96,2.1639,reliable,neutral,bearish,normal,20.0
15m,2026-05-08T16:45:00+00:00,79781.3,79911.01,,,79930.15,,,45.63,8.7343,39.6165,-30.8822,80387.22,79930.15,79473.08,0.011437,False,218.54,0.7482,reliable,neutral,bearish,normal,20.0
15m,2026-05-08T17:00:00+00:00,79829.3,79903.22,,,79909.86,,,47.24,2.2237,32.138,-29.9142,80345.46,79909.86,79474.26,0.010902,False,217.78,1.3161,reliable,neutral,bearish,normal,20.0
15m,2026-05-08T17:15:00+00:00,79984.8,79910.99,79855.28,,79894.1,79855.28,,52.16,9.502,27.6108,-18.1087,80291.39,79894.1,79496.81,0.009945,True,216.08,2.0885,reliable,neutral,weakening,squeeze,60.0
15m,2026-05-08T17:30:00+00:00,80099.9,79928.99,79864.87,,79888.05,79864.3,,55.47,24.2779,26.9442,-2.6663,80267.68,79888.05,79508.42,0.009504,True,218.06,1.7157,reliable,neutral,weakening,squeeze,60.0
15m,2026-05-08T17:45:00+00:00,80049.6,79940.47,79872.12,,79890.43,79872.82,,53.72,31.5652,27.8684,3.6968,80273.65,79890.43,79507.21,0.009594,True,219.57,0.4511,reliable,neutral,bullish,squeeze,60.0
15m,2026-05-08T18:00:00+00:00,80193.2,79964.54,79884.71,,79916.44,79882.29,,57.81,48.3702,31.9688,16.4015,80308.04,79916.44,79524.84,0.0098,True,216.85,0.5446,reliable,neutral,bullish,squeeze,60.0
15m,2026-05-08T18:15:00+00:00,80223.2,79989.18,79897.98,,79947.47,79894.53,,58.63,63.3785,38.2507,25.1278,80332.68,79947.47,79562.25,0.009637,True,209.27,6.6586,reliable,neutral,bullish,squeeze,60.0
15m,2026-05-08T18:30:00+00:00,80153.8,80004.85,79908.02,,79976.38,79906.0,,55.91,68.8786,44.3763,24.5023,80329.53,79976.38,79623.22,0.008832,True,204.6,1.6704,reliable,neutral,bullish,squeeze,60.0
15m,2026-05-08T18:45:00+00:00,80072.6,80011.31,79914.47,,79998.67,79916.51,,52.83,65.9254,48.6861,17.2393,80313.07,79998.67,79684.26,0.00786,True,202.66,0.2192,reliable,neutral,bullish,squeeze,60.0
15m,2026-05-08T19:00:00+00:00,80043.3,80014.35,79919.52,,80005.24,79926.49,,51.72,60.5231,51.0535,9.4696,80317.49,80005.24,79692.99,0.007806,True,197.92,0.1576,reliable,neutral,bullish,squeeze,60.0
15m,2026-05-08T19:15:00+00:00,80007.1,80013.66,79922.96,,80001.87,79936.68,,50.32,52.713,51.3854,1.3276,80312.41,80001.87,79691.32,0.007763,True,192.66,0.1554,reliable,neutral,bullish,squeeze,40.0
15m,2026-05-08T19:30:00+00:00,80080.9,80020.07,79929.15,,79995.91,79951.98,,53.11,51.8804,51.4844,0.396,80294.81,79995.91,79697.01,0.007473,True,185.89,0.1994,reliable,neutral,bullish,squeeze,60.0
15m,2026-05-08T19:45:00+00:00,80156.6,80033.07,79938.07,,79997.78,79968.51,,55.86,56.6756,52.5227,4.153,80300.36,79997.78,79695.19,0.007565,True,179.96,1.3945,reliable,neutral,bullish,squeeze,60.0
15m,2026-05-08T20:00:00+00:00,80224.0,80051.25,79949.28,,80016.12,79981.82,,58.2,65.1633,55.0508,10.1126,80327.16,80016.12,79705.08,0.007774,True,173.92,0.5487,reliable,neutral,bullish,squeeze,60.0
15m,2026-05-08T20:15:00+00:00,80251.0,80070.28,79961.12,,80045.31,79993.5,,59.14,73.2245,58.6855,14.539,80326.63,80045.31,79763.99,0.007029,True,166.13,4.9026,reliable,neutral,bullish,squeeze,60.0
15m,2026-05-08T20:30:00+00:00,80242.9,80086.72,79972.17,,80059.43,80004.23,,58.71,78.0596,62.5604,15.4993,80350.99,80059.43,79767.87,0.007284,True,162.5,0.7744,reliable,neutral,bullish,squeeze,60.0
15m,2026-05-08T20:45:00+00:00,80124.4,80090.31,79978.14,,80059.91,80011.66,,52.74,71.5052,64.3493,7.1559,80351.88,80059.91,79767.93,0.007294,True,165.19,0.6002,reliable,neutral,bullish,squeeze,60.0
15m,2026-05-08T21:00:00+00:00,80131.3,80094.21,79984.14,,80068.62,80016.99,,53.04,66.1056,64.7006,1.405,80358.05,80068.62,79779.2,0.007229,True,158.18,0.2876,reliable,neutral,bullish,squeeze,60.0
15m,2026-05-08T21:15:00+00:00,80197.9,80104.09,79992.53,,80081.87,80023.55,,55.94,66.4346,65.0474,1.3872,80369.41,80081.87,79794.32,0.007181,True,153.38,0.4942,reliable,neutral,bullish,squeeze,60.0
15m,2026-05-08T21:30:00+00:00,80210.3,80114.2,80001.07,,80102.87,80028.06,,56.48,66.9244,65.4228,1.5016,80360.53,80102.87,79845.21,0.006433,True,147.83,0.1845,reliable,neutral,bullish,squeeze,60.0
15m,2026-05-08T21:45:00+00:00,80236.5,80125.85,80010.3,,80125.63,80034.79,,57.66,68.6356,66.0653,2.5702,80340.56,80125.63,79910.7,0.005365,True,142.28,0.1088,reliable,neutral,bullish,squeeze,60.0
15m,2026-05-08T22:00:00+00:00,80363.5,80148.48,80024.15,,80152.34,80045.05,,62.91,79.3251,68.7173,10.6078,80343.7,80152.34,79960.98,0.004775,True,141.19,0.226,reliable,neutral,bullish,squeeze,60.0
15m,2026-05-08T22:15:00+00:00,80347.2,80167.41,80036.82,,80170.46,80055.0,,61.85,85.4958,72.073,13.4228,80363.64,80170.46,79977.28,0.004819,True,138.84,0.704,reliable,neutral,bullish,squeeze,60.0
15m,2026-05-08T22:30:00+00:00,80312.3,80181.21,80047.62,,80181.08,80065.04,,59.54,86.572,74.9728,11.5992,80381.16,80181.08,79981.0,0.004991,True,133.32,0.1836,reliable,neutral,bullish,squeeze,60.0
15m,2026-05-08T22:45:00+00:00,80278.2,80190.44,80056.66,,80192.51,80072.82,,57.28,83.7084,76.7199,6.9885,80387.0,80192.51,79998.02,0.004851,True,128.79,0.3319,reliable,neutral,bullish,squeeze,60.0
15m,2026-05-08T23:00:00+00:00,80218.6,80193.13,80063.01,,80193.78,80074.26,,53.47,75.7565,76.5272,-0.7707,80388.62,80193.78,79998.94,0.004859,True,124.71,0.7444,reliable,neutral,weakening,squeeze,60.0
15m,2026-05-08T23:15:00+00:00,80171.4,80191.06,80067.26,,80191.19,80073.6,,50.61,64.8978,74.2013,-9.3035,80385.77,80191.19,79996.61,0.004853,True,121.72,1.2088,reliable,neutral,weakening,squeeze,40.0
15m,2026-05-08T23:30:00+00:00,80126.1,80184.87,80069.57,,80189.8,80071.82,,47.95,52.037,69.7685,-17.7315,80385.89,80189.8,79993.72,0.00489,True,119.64,2.1547,reliable,neutral,bearish,squeeze,40.0
15m,2026-05-08T23:45:00+00:00,80196.9,80186.02,80074.56,,80196.02,80069.96,,52.18,47.0158,65.2179,-18.2022,80384.18,80196.02,80007.86,0.004693,True,116.35,0.1576,reliable,neutral,weakening,squeeze,60.0
15m,2026-05-09T00:00:00+00:00,80141.0,80181.73,80077.17,,80200.91,80069.81,,48.8,38.0867,59.7917,-21.705,80377.06,80200.91,80024.75,0.004393,True,113.49,0.5039,reliable,neutral,bearish,squeeze,40.0
15m,2026-05-09T00:15:00+00:00,80146.1,80178.34,80079.87,,80207.86,80068.34,,49.13,31.0638,54.0461,-22.9823,80361.33,80207.86,80054.38,0.003827,True,109.88,0.4069,reliable,neutral,bearish,squeeze,40.0
15m,2026-05-09T00:30:00+00:00,80187.0,80179.16,80084.07,,80213.16,80067.38,,51.76,28.4701,48.9309,-20.4608,80355.05,80213.16,80071.27,0.003538,True,106.63,0.4304,reliable,neutral,weakening,squeeze,60.0
15m,2026-05-09T00:45:00+00:00,80229.9,80183.99,80089.79,,80216.83,80065.97,,54.42,29.5359,45.0519,-15.516,80356.33,80216.83,80077.32,0.003478,True,102.09,0.3119,reliable,neutral,weakening,squeeze,60.0
15m,2026-05-09T01:00:00+00:00,80300.0,80195.04,80098.04,,80220.62,80067.56,,58.45,35.6263,43.1668,-7.5405,80365.01,80220.62,80076.24,0.0036,True,100.87,0.2391,reliable,neutral,weakening,squeeze,60.0
15m,2026-05-09T01:15:00+00:00,80267.2,80201.91,80104.67,,80221.44,80072.86,,55.96,37.3755,42.0085,-4.6331,80366.72,80221.44,80076.15,0.003622,True,100.65,0.4192,reliable,neutral,weakening,squeeze,60.0
15m,2026-05-09T01:30:00+00:00,80384.5,80219.3,80115.64,,80228.52,80087.09,,62.17,47.6772,43.1423,4.535,80390.98,80228.52,80066.05,0.00405,True,101.9,0.4715,reliable,neutral,bullish,squeeze,60.0
15m,2026-05-09T01:45:00+00:00,80324.9,80229.36,80123.85,,80238.54,80101.53,,57.72,50.4507,44.6039,5.8467,80398.69,80238.54,80078.39,0.003992,True,101.42,0.9149,reliable,neutral,bullish,squeeze,60.0
15m,2026-05-09T02:00:00+00:00,80433.8,80248.83,80136.0,,80253.67,80118.7,,62.94,60.7358,47.8303,12.9055,80427.7,80253.67,80079.63,0.004337,True,102.48,0.5851,reliable,neutral,bullish,squeeze,60.0
15m,2026-05-09T02:15:00+00:00,80413.6,80264.52,80146.89,,80264.45,80134.43,,61.43,66.4905,51.5624,14.9281,80450.27,80264.45,80078.63,0.00463,True,99.34,0.3086,reliable,neutral,bullish,squeeze,60.0
15m,2026-05-09T02:30:00+00:00,80395.7,80277.02,80156.65,,80273.72,80144.11,,60.05,68.8134,55.0126,13.8009,80466.53,80273.72,80080.91,0.004804,True,97.58,0.2791,reliable,neutral,bullish,squeeze,60.0
15m,2026-05-09T02:45:00+00:00,80404.8,80289.19,80166.38,,80282.14,80150.72,,60.53,70.5752,58.1251,12.4501,80482.65,80282.14,80081.62,0.004995,False,94.28,0.0965,reliable,neutral,bullish,normal,60.0
15m,2026-05-09T03:00:00+00:00,80440.7,80303.62,80177.14,,80286.0,80155.53,,62.47,74.015,61.3031,12.7119,80495.86,80286.0,80076.13,0.005228,False,94.97,0.4187,reliable,neutral,bullish,normal,60.0
15m,2026-05-09T03:15:00+00:00,80427.2,80315.39,80186.94,,80290.0,80161.69,,61.25,74.7896,64.0004,10.7892,80507.67,80290.0,80072.32,0.005422,False,97.53,0.9171,reliable,neutral,bullish,normal,60.0
15m,2026-05-09T03:30:00+00:00,80348.1,80318.5,80193.26,,80291.79,80171.51,,54.54,68.2342,64.8471,3.3871,80510.82,80291.79,80072.75,0.005456,False,98.92,0.236,reliable,neutral,bullish,normal,60.0
15m,2026-05-09T03:45:00+00:00,80391.4,80325.44,80201.03,,80297.45,80185.99,,57.3,65.7747,65.0327,0.7421,80520.81,80297.45,80074.08,0.005563,False,95.16,0.2359,reliable,neutral,bullish,normal,60.0
15m,2026-05-09T04:00:00+00:00,80565.9,80348.34,80215.34,,80314.81,80198.1,,66.2,77.0185,67.4298,9.5887,80564.78,80314.81,80064.84,0.006225,False,107.6,1.3747,reliable,neutral,bullish,normal,60.0
15m,2026-05-09T04:15:00+00:00,80456.6,80358.65,80224.8,,80329.07,80204.93,,58.04,76.2309,69.19,7.0408,80577.13,80329.07,80081.01,0.006176,False,109.16,0.343,reliable,neutral,bullish,normal,60.0
15m,2026-05-09T04:30:00+00:00,80398.5,80362.45,80231.61,,80342.69,80213.77,,54.21,70.1103,69.3741,0.7362,80573.11,80342.69,80112.27,0.005736,False,106.06,2.2494,reliable,neutral,bullish,normal,60.0
15m,2026-05-09T04:45:00+00:00,80382.3,80364.34,80237.52,,80351.96,80222.75,,53.16,63.2237,68.144,-4.9203,80572.38,80351.96,80131.54,0.005486,False,105.19,0.2816,reliable,neutral,weakening,normal,60.0
15m,2026-05-09T05:00:00+00:00,80369.2,80364.8,80242.69,,80363.37,80234.33,,52.28,56.0627,65.7278,-9.665,80560.17,80363.37,80166.57,0.004898,False,100.85,0.1746,reliable,neutral,weakening,normal,60.0
15m,2026-05-09T05:15:00+00:00,80429.5,80370.96,80250.01,,80377.54,80247.29,,55.91,54.6236,63.5069,-8.8833,80547.45,80377.54,80207.63,0.004228,True,99.11,3.5917,reliable,neutral,weakening,squeeze,60.0
15m,2026-05-09T05:30:00+00:00,80449.9,80378.48,80257.85,,80390.69,80259.71,,57.1,54.501,61.7058,-7.2047,80537.65,80390.69,80243.72,0.003656,True,94.0,0.7565,reliable,neutral,weakening,squeeze,60.0
15m,2026-05-09T05:45:00+00:00,80368.6,80377.54,80262.2,,80397.62,80267.38,,51.17,47.2984,58.8243,-11.5259,80524.34,80397.62,80270.9,0.003152,True,93.48,0.5828,reliable,neutral,weakening,squeeze,40.0
15m,2026-05-09T06:00:00+00:00,80385.3,80378.28,80267.02,,80401.88,80273.09,,52.27,42.4484,55.5491,-13.1007,80520.23,80401.88,80283.54,0.002944,True,90.74,0.8381,reliable,neutral,weakening,squeeze,60.0
15m,2026-05-09T06:15:00+00:00,80294.3,80370.28,80268.09,,80403.24,80277.98,,46.18,30.9056,50.6204,-19.7148,80515.56,80403.24,80290.92,0.002794,True,91.48,0.2029,reliable,neutral,bearish,squeeze,40.0
15m,2026-05-09T06:30:00+00:00,80207.1,80354.74,80265.7,,80394.37,80278.26,,41.23,14.5538,43.4071,-28.8533,80536.88,80394.37,80251.86,0.003545,True,94.15,0.4215,reliable,neutral,bearish,squeeze,20.0
15m,2026-05-09T06:45:00+00:00,80247.1,80344.49,80264.97,,80390.48,80278.74,,44.19,4.7676,35.6792,-30.9116,80544.74,80390.48,80236.22,0.003838,True,91.83,1.8914,reliable,neutral,bearish,squeeze,20.0
15m,2026-05-09T07:00:00+00:00,80159.0,80326.82,80260.82,,80376.74,80278.84,,39.48,-9.9819,26.547,-36.5289,80560.83,80376.74,80192.65,0.004581,True,93.47,0.7493,reliable,neutral,bearish,squeeze,20.0
15m,2026-05-09T07:15:00+00:00,80240.5,80318.6,80260.02,,80368.08,80282.2,,45.29,-14.9227,18.253,-33.1757,80560.94,80368.08,80175.23,0.004799,False,95.37,0.2271,reliable,neutral,bearish,normal,20.0
15m,2026-05-09T07:30:00+00:00,80220.1,80309.22,80258.45,,80359.31,80285.74,,44.15,-20.2509,10.5523,-30.8031,80562.58,80359.31,80156.03,0.005059,False,93.02,0.6046,reliable,neutral,bearish,normal,20.0
15m,2026-05-09T07:45:00+00:00,80216.7,80300.41,80256.82,,80349.9,80289.93,,43.95,-24.4659,3.5486,-28.0145,80561.54,80349.9,80138.26,0.005268,False,90.55,1.0749,reliable,neutral,bearish,normal,20.0
15m,2026-05-09T08:00:00+00:00,80383.7,80308.34,80261.79,,80347.05,80295.99,,54.74,-14.1675,0.0054,-14.1729,80555.05,80347.05,80139.05,0.005177,False,96.03,0.6734,reliable,neutral,weakening,normal,60.0
15m,2026-05-09T08:15:00+00:00,80375.6,80314.75,80266.26,,80344.47,80300.37,,54.19,-6.5836,-1.3124,-5.2712,80549.54,80344.47,80139.4,0.005105,False,91.1,0.222,reliable,neutral,weakening,normal,60.0
15m,2026-05-09T08:30:00+00:00,80416.9,80324.48,80272.16,,80347.91,80304.22,,56.57,2.7278,-0.5044,3.2321,80555.53,80347.91,80140.29,0.005168,False,88.0,3.6366,reliable,neutral,bullish,normal,60.0
15m,2026-05-09T08:45:00+00:00,80395.1,80331.2,80276.98,,80348.1,80307.11,,54.95,8.2529,1.2471,7.0058,80555.88,80348.1,80140.31,0.005172,False,83.49,0.3558,reliable,neutral,bullish,normal,60.0
15m,2026-05-09T09:00:00+00:00,80336.6,80331.72,80279.32,,80336.63,80308.98,,50.75,7.821,2.5619,5.2591,80517.36,80336.63,80155.9,0.004499,True,81.83,0.1932,reliable,neutral,bullish,squeeze,60.0
15m,2026-05-09T09:15:00+00:00,80248.3,80323.77,80278.11,,80326.21,80311.46,,45.14,0.3496,2.1194,-1.7698,80501.77,80326.21,80150.66,0.004371,True,83.48,0.6075,reliable,neutral,bearish,squeeze,20.0
15m,2026-05-09T09:30:00+00:00,80224.2,80314.29,80275.99,,80317.5,80313.32,,43.72,-7.4306,0.2094,-7.64,80495.24,80317.5,80139.76,0.004426,True,81.16,4.8586,reliable,neutral,bearish,squeeze,20.0
15m,2026-05-09T09:45:00+00:00,80236.4,80306.87,80274.44,,80310.2,80314.09,,44.67,-12.4682,-2.3261,-10.1421,80488.72,80310.2,80131.69,0.004446,True,77.83,1.5193,reliable,neutral,bearish,squeeze,20.0
15m,2026-05-09T10:00:00+00:00,80202.9,80296.97,80271.63,,80301.89,80313.94,,42.55,-18.9454,-5.65,-13.2954,80484.28,80301.89,80119.5,0.004543,False,77.13,1.6042,reliable,neutral,bearish,normal,20.0
15m,2026-05-09T10:15:00+00:00,80195.5,80287.31,80268.65,,80290.19,80313.12,,42.08,-24.3945,-9.3989,-14.9956,80468.08,80290.19,80112.3,0.004431,True,75.61,5.6114,reliable,neutral,bearish,squeeze,20.0
15m,2026-05-09T10:30:00+00:00,80320.7,80290.49,80270.69,,80283.73,80312.26,,51.87,-18.3983,-11.1987,-7.1995,80445.89,80283.73,80121.57,0.00404,True,79.7,0.1023,reliable,neutral,weakening,squeeze,60.0
15m,2026-05-09T10:45:00+00:00,80262.7,80287.84,80270.38,,80278.43,80310.57,,47.84,-18.1175,-12.5825,-5.535,80435.77,80278.43,80121.1,0.00392,True,78.16,0.1664,reliable,neutral,bearish,squeeze,20.0
15m,2026-05-09T11:00:00+00:00,80313.2,80290.25,80272.05,,80274.83,80310.59,,51.38,-13.6626,-12.7985,-0.864,80425.0,80274.83,80124.66,0.003741,True,77.21,0.1414,reliable,neutral,weakening,squeeze,60.0
15m,2026-05-09T11:15:00+00:00,80351.6,80296.1,80275.17,,80277.7,80312.06,,53.95,-6.9533,-11.6295,4.6762,80431.57,80277.7,80123.82,0.003833,True,74.92,0.241,reliable,neutral,bullish,squeeze,60.0
15m,2026-05-09T11:30:00+00:00,80339.6,80300.24,80277.7,,80284.32,80314.48,,53.01,-2.5747,-9.8185,7.2438,80436.8,80284.32,80131.84,0.003798,True,71.18,2.017,reliable,neutral,bullish,squeeze,60.0
15m,2026-05-09T11:45:00+00:00,80324.2,80302.52,80279.52,,80288.18,80317.53,,51.76,-0.3434,-7.9235,7.5801,80440.59,80288.18,80135.76,0.003797,True,67.98,2.5138,reliable,neutral,bullish,squeeze,60.0
15m,2026-05-09T12:00:00+00:00,80301.4,80302.42,80280.38,,80295.3,80321.04,,49.89,-0.4101,-6.4208,6.0107,80435.08,80295.3,80155.51,0.003482,True,66.39,0.215,reliable,neutral,recovering,squeeze,40.0
15m,2026-05-09T12:15:00+00:00,80396.5,80311.38,80284.94,,80303.1,80325.03,,56.89,7.1286,-3.7109,10.8396,80447.34,80303.1,80158.85,0.003593,True,70.34,3.1091,reliable,neutral,bullish,squeeze,60.0
15m,2026-05-09T12:30:00+00:00,80348.5,80314.91,80287.43,,80309.52,80329.18,,52.87,9.1248,-1.1438,10.2685,80449.58,80309.52,80169.45,0.003488,True,70.35,0.1732,reliable,neutral,bullish,squeeze,60.0
15m,2026-05-09T12:45:00+00:00,80392.7,80322.32,80291.56,,80318.31,80334.11,,55.96,14.1106,1.9071,12.2035,80455.92,80318.31,80180.71,0.003427,True,68.91,0.4345,reliable,neutral,bullish,squeeze,60.0
15m,2026-05-09T13:00:00+00:00,80417.2,80331.36,80296.48,,80319.99,80338.72,,57.61,19.8105,5.4878,14.3227,80461.7,80319.99,80178.28,0.003529,True,67.24,1.413,reliable,neutral,bullish,squeeze,60.0
15m,2026-05-09T13:15:00+00:00,80337.9,80331.98,80298.11,,80318.1,80340.88,,50.94,17.7246,7.9351,9.7894,80457.69,80318.1,80178.52,0.003476,True,68.4,1.6606,reliable,neutral,bullish,squeeze,60.0
15m,2026-05-09T13:30:00+00:00,80329.2,80331.71,80299.33,,80313.72,80341.46,,50.25,15.1943,9.387,5.8073,80445.53,80313.72,80181.91,0.003282,True,67.25,1.214,reliable,neutral,bullish,squeeze,40.0
15m,2026-05-09T13:45:00+00:00,80377.8,80336.1,80302.4,,80312.86,80343.67,,53.99,16.9156,10.8927,6.0229,80442.63,80312.86,80183.08,0.003232,True,65.92,0.7228,reliable,neutral,bullish,squeeze,60.0
15m,2026-05-09T14:00:00+00:00,80380.4,80340.32,80305.46,,80315.05,80343.59,,54.19,18.2789,12.3699,5.909,80447.95,80315.05,80182.14,0.003309,True,65.76,0.2402,reliable,neutral,bullish,squeeze,60.0
15m,2026-05-09T14:15:00+00:00,80328.4,80339.19,80306.36,,80319.05,80343.66,,49.58,14.9905,12.8941,2.0965,80448.26,80319.05,80189.84,0.003217,True,69.09,0.2227,reliable,neutral,recovering,squeeze,40.0
15m,2026-05-09T14:30:00+00:00,80334.3,80338.72,80307.46,,80324.56,80341.67,,50.1,12.714,12.858,-0.1441,80445.89,80324.56,80203.22,0.003021,True,68.79,0.2557,reliable,neutral,weakening,squeeze,40.0
15m,2026-05-09T14:45:00+00:00,80321.9,80337.12,80308.02,,80328.83,80339.84,,48.96,9.7963,12.2457,-2.4494,80442.89,80328.83,80214.77,0.00284,True,71.45,0.3473,reliable,neutral,bearish,squeeze,40.0
15m,2026-05-09T15:00:00+00:00,80276.3,80331.33,80306.78,,80332.5,80337.45,,44.92,3.7611,10.5488,-6.7876,80433.48,80332.5,80231.52,0.002514,True,73.62,0.6294,reliable,neutral,bearish,squeeze,20.0
15m,2026-05-09T15:15:00+00:00,80401.0,80337.96,80310.48,,80342.77,80337.37,,55.69,8.9375,10.2265,-1.2891,80425.16,80342.77,80260.39,0.002051,True,77.27,0.3596,reliable,neutral,weakening,squeeze,60.0
15m,2026-05-09T15:30:00+00:00,80471.8,80350.71,80316.8,,80350.33,80338.0,,60.43,18.539,11.889,6.65,80450.08,80350.33,80250.58,0.002483,True,84.85,0.8903,reliable,neutral,bullish,squeeze,60.0
15m,2026-05-09T15:45:00+00:00,80518.8,80366.72,80324.72,,80363.13,80339.83,,63.23,29.5996,15.4311,14.1684,80479.83,80363.13,80246.44,0.002904,True,85.43,0.3394,reliable,neutral,bullish,squeeze,60.0
15m,2026-05-09T16:00:00+00:00,80560.7,80385.19,80333.98,,80375.51,80344.08,,65.58,41.2704,20.599,20.6714,80519.27,80375.51,80231.75,0.003577,True,86.66,0.2079,reliable,neutral,bullish,squeeze,60.0
15m,2026-05-09T16:15:00+00:00,80637.6,80409.23,80345.88,,80389.81,80349.0,,69.43,56.0784,27.6948,28.3835,80574.59,80389.81,80205.03,0.004597,False,94.42,1.6698,reliable,neutral,bullish,normal,60.0
15m,2026-05-09T16:30:00+00:00,80629.1,80430.17,80356.99,,80404.29,80350.27,,68.52,66.3629,35.4285,30.9344,80615.91,80404.29,80192.66,0.005264,False,90.42,0.4456,reliable,neutral,bullish,normal,60.0
15m,2026-05-09T16:45:00+00:00,80607.7,80447.08,80366.82,,80418.46,80353.29,,66.16,71.9572,42.7342,29.223,80644.96,80418.46,80191.96,0.005633,False,87.2,2.8121,reliable,neutral,bullish,normal,60.0
15m,2026-05-09T17:00:00+00:00,80739.5,80474.93,80381.44,,80440.37,80360.11,,72.45,86.0341,51.3942,34.6399,80701.32,80440.37,80179.41,0.006488,False,94.72,0.6709,reliable,neutral,overbought,normal,60.0
15m,2026-05-09T17:15:00+00:00,80812.2,80507.05,80398.33,,80461.15,80368.71,,75.19,101.8821,61.4918,40.3903,80769.34,80461.15,80152.96,0.00766,False,96.65,0.6945,reliable,neutral,overbought,normal,60.0
15m,2026-05-09T17:30:00+00:00,80831.0,80537.9,80415.3,,80485.28,80377.94,,75.86,114.6372,72.1209,42.5163,80829.74,80485.28,80140.81,0.00856,False,95.7,0.8146,reliable,neutral,overbought,normal,60.0
15m,2026-05-09T17:45:00+00:00,80800.0,80562.86,80430.38,,80505.64,80385.35,,72.39,120.8512,81.8669,38.9843,80874.36,80505.64,80136.92,0.00916,False,96.25,1.0073,reliable,neutral,overbought,normal,60.0
15m,2026-05-09T18:00:00+00:00,80828.5,80588.16,80446.0,,80526.21,80392.93,,73.59,126.616,90.8167,35.7992,80919.24,80526.21,80133.17,0.009762,False,94.85,2.7447,reliable,neutral,overbought,normal,60.0
15m,2026-05-09T18:15:00+00:00,81029.4,80630.18,80468.87,,80560.78,80406.14,,80.12,145.7158,101.7966,43.9193,81002.69,80560.78,80118.87,0.010971,False,104.68,2.5034,reliable,neutral,overbought,normal,60.0
15m,2026-05-09T18:30:00+00:00,80894.3,80655.34,80485.56,,80589.04,80416.32,,67.95,148.2423,111.0857,37.1566,81040.75,80589.04,80137.32,0.01121,False,107.4,0.4955,reliable,neutral,bullish,normal,60.0
15m,2026-05-09T18:45:00+00:00,80892.0,80677.88,80501.5,,80614.75,80428.28,,67.76,148.349,118.5384,29.8106,81074.3,80614.75,80155.19,0.011401,False,101.7,0.335,reliable,neutral,bullish,normal,60.0
15m,2026-05-09T19:00:00+00:00,80881.3,80697.25,80516.39,,80639.79,80441.76,,66.83,145.8883,124.0084,21.88,81100.17,80639.79,80179.41,0.011418,False,97.75,0.3187,reliable,neutral,bullish,normal,60.0
15m,2026-05-09T19:15:00+00:00,80802.6,80707.28,80527.62,,80663.5,80452.87,,60.28,136.0199,126.4107,9.6092,81104.81,80663.5,80222.19,0.010942,False,99.79,1.9996,reliable,neutral,bullish,normal,60.0
15m,2026-05-09T19:30:00+00:00,80840.9,80720.01,80539.9,,80688.83,80466.51,,62.22,129.7934,127.0872,2.7062,81108.19,80688.83,80269.47,0.010394,False,96.05,0.1826,reliable,neutral,bullish,normal,60.0
15m,2026-05-09T19:45:00+00:00,80938.3,80740.8,80555.52,,80719.65,80480.46,,66.68,131.2057,127.9109,3.2948,81115.4,80719.65,80323.9,0.009806,False,97.78,1.1934,reliable,neutral,bullish,normal,60.0
15m,2026-05-09T20:00:00+00:00,80843.0,80750.53,80566.8,,80747.99,80492.92,,59.31,123.2148,126.9717,-3.7569,81087.19,80747.99,80408.78,0.008402,False,97.61,0.2273,reliable,neutral,weakening,normal,60.0
15m,2026-05-09T20:15:00+00:00,80783.8,80753.7,80575.31,,80767.12,80504.26,,55.22,110.8274,123.7428,-12.9154,81064.51,80767.12,80469.74,0.007364,False,96.2,0.2148,reliable,neutral,weakening,normal,60.0
15m,2026-05-09T20:30:00+00:00,80800.0,80758.11,80584.12,,80783.53,80512.59,,56.11,101.1515,119.2246,-18.0731,81046.54,80783.53,80520.53,0.006511,False,93.56,0.2143,reliable,neutral,weakening,normal,60.0
15m,2026-05-09T20:45:00+00:00,80797.6,80761.87,80592.49,,80797.48,80521.03,,55.94,92.2265,113.8249,-21.5985,81029.08,80797.48,80565.87,0.005733,False,89.93,2.3906,reliable,neutral,weakening,normal,60.0
15m,2026-05-09T21:00:00+00:00,80859.3,80771.15,80602.95,,80812.4,80529.88,,59.48,89.1049,108.8809,-19.776,81016.62,80812.4,80608.19,0.005054,False,89.3,0.254,reliable,neutral,weakening,normal,60.0
15m,2026-05-09T21:15:00+00:00,80780.4,80772.03,80609.91,,80819.55,80537.58,,53.54,79.3497,102.9747,-23.625,81007.35,80819.55,80631.74,0.004648,False,89.7,0.1532,reliable,neutral,weakening,normal,60.0
15m,2026-05-09T21:30:00+00:00,80731.6,80768.18,80614.68,,80824.67,80545.48,,50.21,66.9097,95.7617,-28.852,80995.42,80824.67,80653.92,0.004225,False,87.54,0.0821,reliable,neutral,weakening,normal,40.0
15m,2026-05-09T21:45:00+00:00,80782.0,80769.5,80621.25,,80833.39,80556.16,,53.44,60.4212,88.6936,-28.2724,80972.33,80833.39,80694.44,0.003438,True,84.89,0.2875,reliable,neutral,weakening,squeeze,60.0
15m,2026-05-09T22:00:00+00:00,80733.1,80766.03,80625.63,,80833.07,80566.34,,50.04,50.7482,81.1045,-30.3563,80972.95,80833.07,80693.18,0.003461,True,82.84,0.2173,reliable,neutral,weakening,squeeze,40.0
15m,2026-05-09T22:15:00+00:00,80741.1,80763.66,80630.16,,80829.51,80576.43,,50.6,43.2295,73.5295,-30.3,80975.13,80829.51,80683.89,0.003603,False,78.36,1.126,reliable,neutral,weakening,normal,40.0
15m,2026-05-09T22:30:00+00:00,80790.2,80766.18,80636.44,,80827.47,80588.18,,53.96,40.7629,66.9762,-26.2133,80974.14,80827.47,80680.8,0.003629,False,81.9,2.1415,reliable,neutral,weakening,normal,60.0
15m,2026-05-09T22:45:00+00:00,80750.8,80764.72,80640.92,,80825.01,80599.28,,50.96,35.2229,60.6255,-25.4026,80975.22,80825.01,80674.8,0.003717,False,78.87,0.0642,reliable,neutral,weakening,normal,40.0
15m,2026-05-09T23:00:00+00:00,80709.8,80759.49,80643.62,,80819.07,80607.06,,47.97,27.2103,53.9425,-26.7322,80977.85,80819.07,80660.3,0.003929,False,83.23,1.279,reliable,neutral,bearish,normal,40.0
15m,2026-05-09T23:15:00+00:00,80650.3,80749.09,80643.88,,80800.12,80614.82,,43.94,15.8762,46.3292,-30.4531,80942.88,80800.12,80657.36,0.003534,True,81.54,0.1547,reliable,neutral,bearish,squeeze,40.0
15m,2026-05-09T23:30:00+00:00,80624.8,80737.25,80643.14,,80786.65,80621.05,,42.31,4.781,38.0196,-33.2386,80942.27,80786.65,80631.02,0.003853,False,78.5,0.6745,reliable,neutral,bearish,normal,20.0
15m,2026-05-09T23:45:00+00:00,80670.1,80730.86,80644.19,,80775.55,80627.42,,46.15,-0.3526,30.3451,-30.6977,80931.19,80775.55,80619.91,0.003854,False,76.12,0.585,reliable,neutral,bearish,normal,40.0
15m,2026-05-10T00:00:00+00:00,80688.5,80726.82,80645.93,,80765.91,80634.4,,47.67,-2.9028,23.6956,-26.5984,80917.81,80765.91,80614.01,0.003761,False,76.89,2.2857,reliable,neutral,bearish,normal,40.0
15m,2026-05-10T00:15:00+00:00,80693.6,80723.66,80647.8,,80760.46,80641.78,,48.11,-4.4609,18.0643,-22.5252,80914.62,80760.46,80606.3,0.003818,False,75.51,2.534,reliable,neutral,bearish,normal,40.0
15m,2026-05-10T00:30:00+00:00,80731.9,80724.44,80651.1,,80755.01,80650.39,,51.41,-2.5756,13.9363,-16.5119,80904.84,80755.01,80605.18,0.003711,False,75.76,0.9044,reliable,neutral,weakening,normal,60.0
15m,2026-05-10T00:45:00+00:00,80654.4,80717.77,80651.23,,80740.82,80655.55,,45.16,-7.2514,9.6988,-16.9502,80869.88,80740.82,80611.75,0.003197,True,77.7,1.3347,reliable,neutral,bearish,squeeze,40.0
15m,2026-05-10T01:00:00+00:00,80611.3,80707.63,80649.66,,80729.23,80660.81,,42.1,-14.2704,4.9049,-19.1753,80861.24,80729.23,80597.22,0.00327,True,78.75,0.4935,reliable,neutral,bearish,squeeze,20.0
15m,2026-05-10T01:15:00+00:00,80585.0,80695.95,80647.13,,80719.29,80664.65,,40.3,-21.7049,-0.417,-21.2879,80863.39,80719.29,80575.19,0.00357,False,77.84,0.4432,reliable,neutral,bearish,normal,20.0
15m,2026-05-10T01:30:00+00:00,80596.4,80686.47,80645.14,,80709.11,80668.24,,41.47,-26.373,-5.6082,-20.7648,80857.89,80709.11,80560.33,0.003687,False,75.79,0.247,reliable,neutral,bearish,normal,20.0
15m,2026-05-10T01:45:00+00:00,80642.0,80682.24,80645.01,,80701.33,80674.32,,46.01,-26.0921,-9.705,-16.3871,80846.86,80701.33,80555.8,0.003607,False,74.21,2.2186,reliable,neutral,bearish,normal,20.0
15m,2026-05-10T02:00:00+00:00,80589.6,80673.41,80642.84,,80687.85,80679.53,,41.98,-29.7548,-13.715,-16.0398,80821.22,80687.85,80554.47,0.003306,True,73.17,0.2723,reliable,neutral,bearish,squeeze,20.0
15m,2026-05-10T02:15:00+00:00,80716.4,80677.51,80645.73,,80684.65,80686.3,,52.76,-22.1702,-15.406,-6.7642,80811.59,80684.65,80557.7,0.003147,True,77.21,0.8633,reliable,neutral,weakening,squeeze,60.0
15m,2026-05-10T02:30:00+00:00,80713.0,80680.89,80648.36,,80683.71,80692.95,,52.48,-16.2465,-15.5741,-0.6724,80809.47,80683.71,80557.96,0.003117,True,75.97,0.2562,reliable,neutral,weakening,squeeze,60.0
15m,2026-05-10T02:45:00+00:00,80754.4,80687.89,80652.52,,80682.33,80701.47,,55.59,-8.1177,-14.0828,5.9652,80804.09,80682.33,80560.58,0.003018,True,73.5,0.1309,reliable,neutral,bullish,squeeze,60.0
15m,2026-05-10T03:00:00+00:00,80763.7,80695.11,80656.88,,80683.87,80710.06,,56.28,-0.9145,-11.4492,10.5346,80809.03,80683.87,80558.7,0.003103,True,72.97,1.4035,reliable,neutral,bullish,squeeze,60.0
15m,2026-05-10T03:15:00+00:00,80730.9,80698.52,80659.78,,80683.35,80718.24,,53.14,2.1229,-8.7348,10.8576,80807.62,80683.35,80559.09,0.00308,True,70.25,0.1636,reliable,neutral,bullish,squeeze,60.0
15m,2026-05-10T03:30:00+00:00,80805.5,80708.71,80665.5,,80684.12,80728.82,,58.78,10.4294,-4.9019,15.3313,80811.31,80684.12,80556.93,0.003153,True,75.26,0.8771,reliable,neutral,bullish,squeeze,60.0
15m,2026-05-10T03:45:00+00:00,80762.1,80713.79,80669.29,,80684.68,80736.05,,54.66,13.3564,-1.2503,14.6066,80813.21,80684.68,80556.16,0.003186,True,73.09,0.2975,reliable,neutral,bullish,squeeze,60.0
15m,2026-05-10T04:00:00+00:00,80746.5,80716.91,80672.32,,80686.52,80741.54,,53.21,14.2529,1.8504,12.4026,80817.58,80686.52,80555.46,0.003249,True,69.2,0.1487,reliable,neutral,bullish,squeeze,60.0
15m,2026-05-10T04:15:00+00:00,80775.3,80722.47,80676.35,,80692.77,80746.67,,55.55,17.0904,4.8984,12.192,80828.4,80692.77,80557.14,0.003362,False,66.67,0.6809,reliable,neutral,bullish,normal,60.0
15m,2026-05-10T04:30:00+00:00,80766.8,80726.69,80679.9,,80699.87,80750.79,,54.68,18.4406,7.6068,10.8338,80835.39,80699.87,80564.35,0.003359,False,65.66,0.1019,reliable,neutral,bullish,normal,60.0
15m,2026-05-10T04:45:00+00:00,80750.8,80728.99,80682.68,,80703.9,80753.06,,53.0,18.012,9.6879,8.3242,80840.49,80703.9,80567.32,0.003385,False,64.41,0.1687,reliable,neutral,bullish,normal,60.0
15m,2026-05-10T05:00:00+00:00,80725.8,80728.68,80684.37,,80705.77,80754.99,,50.4,15.4766,10.8456,4.631,80842.49,80705.77,80569.05,0.003388,False,61.81,0.1031,reliable,neutral,bullish,normal,40.0
15m,2026-05-10T05:15:00+00:00,80754.0,80731.09,80687.1,,80708.79,80757.92,,53.19,15.5634,11.7892,3.7743,80847.04,80708.79,80570.54,0.003426,False,60.85,0.7798,reliable,neutral,bullish,normal,60.0
15m,2026-05-10T05:30:00+00:00,80734.3,80731.4,80688.95,,80708.91,80757.81,,51.03,13.8826,12.2079,1.6747,80847.25,80708.91,80570.57,0.003428,False,59.2,0.3383,reliable,neutral,bullish,normal,60.0
15m,2026-05-10T05:45:00+00:00,80670.0,80725.55,80688.21,,80709.69,80754.97,,44.65,7.2781,11.2219,-3.9438,80846.9,80709.69,80572.48,0.0034,False,59.59,0.5395,reliable,neutral,bearish,normal,20.0
15m,2026-05-10T06:00:00+00:00,80695.8,80722.72,80688.51,,80713.91,80752.26,,47.49,4.0788,9.7933,-5.7145,80843.36,80713.91,80584.47,0.003207,True,57.48,0.7849,reliable,neutral,bearish,squeeze,40.0
15m,2026-05-10T06:15:00+00:00,80636.9,80714.55,80686.48,,80716.51,80749.0,,42.18,-3.1728,7.2001,-10.3729,80836.83,80716.51,80596.19,0.002981,True,57.73,0.9351,reliable,neutral,bearish,squeeze,20.0
15m,2026-05-10T06:30:00+00:00,80692.1,80712.41,80686.7,,80721.29,80746.27,,48.04,-4.4146,4.8771,-9.2918,80828.38,80721.29,80614.21,0.002653,True,58.7,0.9179,reliable,neutral,bearish,squeeze,40.0
15m,2026-05-10T06:45:00+00:00,80704.9,80711.69,80687.42,80317.15,80724.44,80739.78,80317.15,49.33,-4.3162,3.0385,-7.3547,80825.23,80724.44,80623.65,0.002497,True,55.44,1.8232,reliable,neutral,bearish,squeeze,60.0
15m,2026-05-10T07:00:00+00:00,80731.0,80713.53,80689.13,80321.27,80731.51,80736.52,80322.56,51.93,-2.1079,2.0092,-4.1171,80809.81,80731.51,80653.21,0.00194,True,55.95,3.07,reliable,bullish,weakening,squeeze,90.0
15m,2026-05-10T07:15:00+00:00,80766.3,80718.56,80692.15,80325.69,80734.01,80734.0,80328.27,55.29,2.4623,2.0998,0.3625,80813.45,80734.01,80654.56,0.001968,True,56.05,0.8803,reliable,bullish,bullish,squeeze,90.0
15m,2026-05-10T07:30:00+00:00,80750.3,80721.58,80694.43,80329.92,80735.87,80731.38,80333.42,53.47,4.7384,2.6275,2.1109,80814.99,80735.87,80656.75,0.00196,True,53.24,0.4498,reliable,bullish,bullish,squeeze,90.0
15m,2026-05-10T07:45:00+00:00,80728.0,80722.19,80695.75,80333.88,80734.55,80729.89,80339.01,50.95,4.6889,3.0398,1.6491,80813.24,80734.55,80655.86,0.001949,True,52.78,0.5599,reliable,bullish,bullish,squeeze,90.0
15m,2026-05-10T08:00:00+00:00,80757.7,80725.57,80698.18,80338.1,80734.25,80728.23,80344.89,54.05,6.9658,3.825,3.1408,80812.52,80734.25,80655.98,0.001939,True,54.74,0.6673,reliable,bullish,bullish,squeeze,90.0
15m,2026-05-10T08:15:00+00:00,80856.3,80738.02,80704.38,80343.25,80740.52,80726.59,80351.44,62.53,16.5359,6.3672,10.1687,80835.88,80740.52,80645.16,0.002362,True,59.39,2.5328,reliable,bullish,bullish,squeeze,90.0
15m,2026-05-10T08:30:00+00:00,80798.3,80743.76,80708.06,80347.78,80740.16,80725.69,80357.71,55.99,19.2186,8.9375,10.2811,80834.54,80740.16,80645.78,0.002338,True,60.72,0.3505,reliable,bullish,bullish,squeeze,90.0
15m,2026-05-10T08:45:00+00:00,80803.9,80749.49,80711.82,80352.32,80742.25,80726.1,80364.24,56.46,21.5482,11.4596,10.0886,80840.45,80742.25,80644.05,0.002432,True,58.87,1.9751,reliable,bullish,bullish,squeeze,90.0
15m,2026-05-10T09:00:00+00:00,80825.6,80756.74,80716.28,80357.03,80746.21,80726.61,80371.79,58.33,24.8588,14.1394,10.7193,80851.26,80746.21,80641.15,0.002602,True,60.58,2.795,reliable,bullish,bullish,squeeze,90.0
15m,2026-05-10T09:15:00+00:00,80800.1,80760.87,80719.57,80361.44,80747.45,80726.66,80379.14,55.32,25.1351,16.3386,8.7965,80854.51,80747.45,80640.38,0.002652,True,59.41,2.9009,reliable,bullish,bullish,squeeze,90.0
15m,2026-05-10T09:30:00+00:00,80746.4,80759.49,80720.62,80365.27,80746.43,80724.4,80385.08,49.53,20.7814,17.2271,3.5543,80853.1,80746.43,80639.75,0.002642,True,60.1,1.9898,reliable,neutral,recovering,squeeze,60.0
15m,2026-05-10T09:45:00+00:00,80790.3,80762.43,80723.35,80369.5,80748.4,80724.6,80390.7,53.79,20.6355,17.9088,2.7267,80856.87,80748.4,80639.93,0.002687,True,59.41,4.8737,reliable,bullish,bullish,squeeze,90.0
15m,2026-05-10T10:00:00+00:00,80741.9,80760.47,80724.08,80373.2,80749.21,80724.8,80395.87,48.89,16.4251,17.6121,-1.1869,80857.2,80749.21,80641.21,0.002675,True,62.64,1.3606,reliable,neutral,bearish,squeeze,60.0
15m,2026-05-10T10:15:00+00:00,80797.4,80763.99,80726.96,80377.42,80751.38,80725.11,80401.1,54.06,17.3666,17.563,-0.1964,80861.5,80751.38,80641.25,0.002728,True,67.5,2.1397,reliable,bullish,weakening,squeeze,90.0
15m,2026-05-10T10:30:00+00:00,80793.3,80766.78,80729.56,80381.56,80754.32,80726.32,80405.74,53.63,17.5792,17.5662,0.0129,80865.68,80754.32,80642.97,0.002758,True,65.0,4.5966,reliable,bullish,bullish,squeeze,90.0
15m,2026-05-10T10:45:00+00:00,80848.5,80774.56,80734.22,80386.21,80763.25,80728.46,80410.63,58.44,21.9488,18.4427,3.5061,80874.76,80763.25,80651.74,0.002761,True,65.45,0.9357,reliable,bullish,bullish,squeeze,90.0
15m,2026-05-10T11:00:00+00:00,80907.5,80787.22,80741.02,80391.39,80773.83,80730.81,80415.25,62.87,29.8288,20.7199,9.1088,80897.87,80773.83,80649.8,0.003071,False,68.31,1.236,reliable,bullish,bullish,normal,90.0
15m,2026-05-10T11:15:00+00:00,80760.1,80784.64,80741.77,80395.06,80780.0,80731.0,80419.55,48.85,23.9042,21.3568,2.5474,80886.38,80780.0,80673.61,0.002634,True,74.38,2.0862,reliable,neutral,recovering,squeeze,60.0
15m,2026-05-10T11:30:00+00:00,80797.9,80785.9,80743.97,80399.07,80785.29,80732.76,80424.28,51.82,22.0054,21.4865,0.5189,80883.47,80785.29,80687.1,0.002431,True,71.97,1.0939,reliable,bullish,bullish,squeeze,90.0
15m,2026-05-10T11:45:00+00:00,80793.0,80786.58,80745.89,80402.99,80789.69,80735.61,80429.0,51.4,19.876,21.1644,-1.2884,80880.31,80789.69,80699.07,0.002243,True,69.91,3.4193,reliable,bullish,weakening,squeeze,90.0
15m,2026-05-10T12:00:00+00:00,80819.3,80789.69,80748.77,80407.13,80794.1,80739.5,80434.05,53.56,20.0793,20.9474,-0.8681,80881.22,80794.1,80706.99,0.002156,True,68.17,0.0581,reliable,bullish,weakening,squeeze,90.0
15m,2026-05-10T12:15:00+00:00,80913.4,80801.48,80755.23,80412.17,80801.46,80744.37,80439.17,60.34,27.5162,22.2612,5.2551,80902.43,80801.46,80700.49,0.002499,True,70.26,0.5334,reliable,bullish,bullish,squeeze,90.0
15m,2026-05-10T12:30:00+00:00,80903.8,80811.22,80761.05,80417.06,80809.13,80748.67,80442.95,59.39,32.2635,24.2616,8.0019,80916.84,80809.13,80701.43,0.002666,True,68.75,0.8555,reliable,bullish,bullish,squeeze,90.0
15m,2026-05-10T12:45:00+00:00,80915.5,80821.15,80767.11,80422.02,80818.51,80753.11,80446.51,60.21,36.5486,26.719,9.8295,80929.08,80818.51,80707.94,0.002736,False,65.61,0.8928,reliable,bullish,bullish,normal,90.0
15m,2026-05-10T13:00:00+00:00,80906.6,80829.29,80772.58,80426.84,80825.96,80756.61,80449.97,59.23,38.7793,29.1311,9.6482,80939.3,80825.96,80712.61,0.002805,False,63.71,2.5408,reliable,bullish,bullish,normal,90.0
15m,2026-05-10T13:15:00+00:00,80982.5,80843.88,80780.81,80432.37,80832.26,80763.17,80453.43,64.55,46.1398,32.5328,13.607,80965.1,80832.26,80699.43,0.003287,False,65.29,0.2306,reliable,bullish,bullish,normal,90.0
15m,2026-05-10T13:30:00+00:00,80984.8,80857.3,80788.81,80437.87,80841.59,80770.64,80457.61,64.7,51.5643,36.3391,15.2251,80989.7,80841.59,80693.48,0.003664,False,65.55,1.6235,reliable,bullish,bullish,normal,90.0
15m,2026-05-10T13:45:00+00:00,80938.0,80864.99,80794.66,80442.85,80848.29,80777.7,80461.2,59.2,51.4932,39.3699,12.1233,81001.28,80848.29,80695.31,0.003784,False,64.22,0.7074,reliable,bullish,bullish,normal,90.0
15m,2026-05-10T14:00:00+00:00,80905.8,80868.88,80799.02,80447.45,80852.3,80783.89,80464.55,55.69,48.2821,41.1524,7.1297,81006.98,80852.3,80697.63,0.003826,False,63.27,1.6604,reliable,bullish,bullish,normal,90.0
15m,2026-05-10T14:15:00+00:00,80894.9,80871.35,80802.78,80451.9,80857.04,80788.94,80467.53,54.51,44.3465,41.7912,2.5553,81010.79,80857.04,80703.3,0.003803,False,60.4,1.4344,reliable,bullish,bullish,normal,90.0
15m,2026-05-10T14:30:00+00:00,80870.1,80871.23,80805.42,80456.07,80863.23,80794.55,80470.77,51.82,38.7793,41.1888,-2.4095,81007.92,80863.23,80718.54,0.003579,False,62.81,1.1549,reliable,neutral,weakening,normal,60.0
15m,2026-05-10T14:45:00+00:00,80988.9,80882.44,80812.62,80461.37,80873.16,80800.0,80475.71,61.59,43.4526,41.6416,1.811,81023.91,80873.16,80722.41,0.003728,False,70.86,2.1633,reliable,bullish,bullish,normal,90.0
15m,2026-05-10T15:00:00+00:00,81038.2,80897.27,80821.46,80467.11,80887.98,80806.51,80482.54,64.78,50.5516,43.4236,7.128,81042.6,80887.98,80733.35,0.003823,False,75.41,2.5968,reliable,bullish,bullish,normal,90.0
15m,2026-05-10T15:15:00+00:00,80961.2,80903.36,80826.94,80472.02,80896.17,80810.64,80489.33,56.84,49.3949,44.6178,4.7771,81047.91,80896.17,80744.42,0.003752,False,75.53,0.9396,reliable,bullish,bullish,normal,90.0
15m,2026-05-10T15:30:00+00:00,81112.5,80923.28,80838.14,80478.4,80912.12,80817.62,80497.01,65.73,59.9953,47.6933,12.302,81084.11,80912.12,80740.14,0.004251,False,84.48,1.9617,reliable,bullish,bullish,normal,90.0
15m,2026-05-10T15:45:00+00:00,81400.0,80968.68,80860.17,80487.57,80939.7,80831.0,80505.88,75.89,90.5512,56.2649,34.2863,81214.72,80939.7,80664.68,0.006796,False,98.98,2.62,reliable,bullish,overbought,normal,90.0
15m,2026-05-10T16:00:00+00:00,81474.1,81016.82,80884.25,80497.38,80968.03,80844.37,80513.69,77.73,119.3702,68.886,50.4842,81331.57,80968.03,80604.49,0.00898,False,99.67,3.2226,reliable,bullish,overbought,normal,90.0
15m,2026-05-10T16:15:00+00:00,81268.4,81040.78,80899.31,80505.06,80993.45,80854.5,80519.66,63.33,124.1797,79.9447,44.235,81366.72,80993.45,80620.17,0.009217,False,108.25,0.2776,reliable,bullish,bullish,normal,90.0
15m,2026-05-10T16:30:00+00:00,81236.6,81059.43,80912.54,80512.33,81015.38,80864.3,80524.84,61.43,123.996,88.755,35.241,81391.82,81015.38,80638.94,0.009293,False,108.27,1.3652,reliable,bullish,bullish,normal,90.0
15m,2026-05-10T16:45:00+00:00,81338.0,81085.96,80929.23,80520.55,81042.63,80875.56,80530.94,65.03,130.5278,97.1095,33.4183,81430.03,81042.63,80655.23,0.00956,False,108.68,2.1579,reliable,bullish,bullish,normal,90.0
15m,2026-05-10T17:00:00+00:00,81335.5,81109.72,80945.16,80528.66,81068.44,80886.93,80538.33,64.87,133.9585,104.4793,29.4791,81461.93,81068.44,80674.95,0.009708,False,112.87,0.1919,reliable,bullish,bullish,normal,90.0
15m,2026-05-10T17:15:00+00:00,81376.5,81135.13,80962.07,80537.09,81091.59,80899.44,80546.87,66.33,138.3904,111.2615,27.1288,81500.85,81091.59,80682.34,0.010094,False,114.29,0.6688,reliable,bullish,bullish,normal,90.0
15m,2026-05-10T17:30:00+00:00,81348.8,81155.48,80977.24,80545.17,81113.84,80911.9,80553.82,64.38,138.0758,116.6244,21.4514,81528.47,81113.84,80699.22,0.010223,False,113.94,0.1485,reliable,bullish,bullish,normal,90.0
15m,2026-05-10T17:45:00+00:00,81458.3,81184.32,80996.1,80554.26,81140.98,80925.99,80560.53,68.35,144.9909,122.2977,22.6932,81571.69,81140.98,80710.28,0.010616,False,119.92,4.9828,reliable,bullish,bullish,normal,90.0
15m,2026-05-10T18:00:00+00:00,81426.1,81207.35,81012.97,80562.93,81166.96,80939.83,80567.88,66.02,146.1878,127.0757,19.1121,81600.8,81166.96,80733.12,0.01069,False,118.02,0.1168,reliable,bullish,bullish,normal,90.0
15m,2026-05-10T18:15:00+00:00,81348.8,81220.82,81026.14,80570.75,81185.27,80953.4,80574.96,60.67,139.2932,129.5192,9.7739,81617.25,81185.27,80753.3,0.010642,False,117.28,0.5037,reliable,bullish,bullish,normal,90.0
15m,2026-05-10T18:30:00+00:00,81250.1,81223.61,81034.92,80577.51,81198.54,80964.49,80582.26,54.58,124.4305,128.5015,-4.071,81620.77,81198.54,80776.31,0.0104,False,119.44,0.1009,reliable,bullish,weakening,normal,90.0
15m,2026-05-10T18:45:00+00:00,81265.2,81227.57,81043.95,80584.35,81214.9,80977.05,80589.68,55.32,112.5725,125.3157,-12.7432,81619.62,81214.9,80810.18,0.009967,False,113.48,0.1884,reliable,bullish,weakening,normal,90.0
15m,2026-05-10T19:00:00+00:00,81360.1,81240.19,81056.35,80592.07,81237.62,80990.41,80597.33,59.75,109.5695,122.1664,-12.5969,81619.65,81237.62,80855.58,0.009405,False,121.53,1.0218,reliable,bullish,weakening,normal,90.0
15m,2026-05-10T19:15:00+00:00,81449.7,81260.14,81071.77,80600.61,81265.36,81005.31,80604.65,63.43,113.1157,120.3563,-7.2406,81622.36,81265.36,80908.35,0.008786,False,120.73,1.3104,reliable,bullish,weakening,normal,90.0
1h,2026-05-08T05:00:00+00:00,79648.8,,,,,,,,,,,,,,,False,,,reliable,neutral,neutral,normal,20.0
1h,2026-05-08T06:00:00+00:00,79580.4,,,,,,,0.0,,,,,,,,False,,,reliable,neutral,oversold,normal,20.0
1h,2026-05-08T07:00:00+00:00,79315.6,,,,,,,0.0,,,,,,,,False,,,reliable,neutral,oversold,normal,20.0
1h,2026-05-08T08:00:00+00:00,79706.5,,,,,,,26.73,,,,,,,,False,,,reliable,neutral,oversold,normal,20.0
1h,2026-05-08T09:00:00+00:00,79984.9,,,,,,,39.19,,,,,,,,False,,,reliable,neutral,neutral,normal,20.0
1h,2026-05-08T10:00:00+00:00,79809.9,,,,,,,35.15,,,,,,,,False,,,reliable,neutral,neutral,normal,20.0
1h,2026-05-08T11:00:00+00:00,80215.0,,,,,,,48.42,,,,,,,,False,,,reliable,neutral,neutral,normal,20.0
1h,2026-05-08T12:00:00+00:00,80235.1,,,,,,,48.98,,,,,,,,False,,,reliable,neutral,neutral,normal,20.0
1h,2026-05-08T13:00:00+00:00,79673.0,,,,,,,36.94,,,,,,,,False,,,reliable,neutral,neutral,normal,20.0
1h,2026-05-08T14:00:00+00:00,79911.8,,,,,,,43.32,,,,,,,,False,,,reliable,neutral,neutral,normal,20.0
1h,2026-05-08T15:00:00+00:00,79857.1,,,,,,,42.26,,,,,,,,False,,,reliable,neutral,neutral,normal,20.0
1h,2026-05-08T16:00:00+00:00,79956.9,,,,,,,44.9,,,,,,,,False,,,reliable,neutral,neutral,normal,20.0
1h,2026-05-08T17:00:00+00:00,79829.3,,,,,,,42.24,,,,,,,,False,,,reliable,neutral,neutral,normal,20.0
1h,2026-05-08T18:00:00+00:00,80193.2,,,,,,,51.12,,,,,,,,False,386.99,,reliable,neutral,neutral,normal,20.0
1h,2026-05-08T19:00:00+00:00,80043.3,,,,,,,47.86,,,,,,,,False,382.46,,reliable,neutral,neutral,normal,20.0
1h,2026-05-08T20:00:00+00:00,80224.0,,,,,,,51.84,,,,,,,,False,370.78,,reliable,neutral,neutral,normal,20.0
1h,2026-05-08T21:00:00+00:00,80131.3,,,,,,,49.74,,,,,,,,False,358.59,,reliable,neutral,neutral,normal,20.0
1h,2026-05-08T22:00:00+00:00,80363.5,,,,,,,54.7,,,,,,,,False,349.56,,reliable,neutral,neutral,normal,20.0
1h,2026-05-08T23:00:00+00:00,80218.6,,,,,,,51.3,,,,,,,,False,337.55,,reliable,neutral,neutral,normal,20.0
1h,2026-05-09T00:00:00+00:00,80141.0,79951.96,,,79951.96,,,49.52,,,,80498.37,79951.96,79405.55,0.013669,False,323.16,1.3861,reliable,neutral,neutral,normal,40.0
1h,2026-05-09T01:00:00+00:00,80300.0,79985.11,,,79984.52,,,53.1,,,,80532.48,79984.52,79436.56,0.013702,False,312.65,0.4701,reliable,neutral,neutral,normal,40.0
1h,2026-05-09T02:00:00+00:00,80433.8,80027.84,,,80027.19,,,55.94,,,,80575.56,80027.19,79478.82,0.013704,False,304.23,0.4519,reliable,neutral,neutral,normal,40.0
1h,2026-05-09T03:00:00+00:00,80440.7,80067.16,,,80083.45,,,56.08,,,,80549.04,80083.45,79617.85,0.011628,False,289.92,0.1902,reliable,neutral,neutral,normal,40.0
1h,2026-05-09T04:00:00+00:00,80565.9,80114.66,,,80126.42,,,58.78,,,,80604.0,80126.42,79648.83,0.011921,False,293.76,0.4191,reliable,neutral,neutral,normal,40.0
1h,2026-05-09T05:00:00+00:00,80369.2,80138.9,,,80145.63,,,53.25,,,,80630.12,80145.63,79661.14,0.01209,False,288.55,0.3171,reliable,neutral,neutral,normal,40.0
1h,2026-05-09T06:00:00+00:00,80385.3,80162.37,,,80174.4,,,53.64,235.2042,,,80643.02,80174.4,79705.78,0.01169,False,274.13,0.5863,reliable,neutral,neutral,normal,40.0
1h,2026-05-09T07:00:00+00:00,80159.0,80162.05,,,80171.6,,,47.7,206.9959,,,80639.87,80171.6,79703.33,0.011682,False,272.62,0.3022,reliable,neutral,neutral,normal,20.0
1h,2026-05-09T08:00:00+00:00,80383.7,80183.16,,,80179.03,,,53.23,200.4612,,,80656.17,80179.03,79701.89,0.011902,False,269.2,0.2409,reliable,neutral,neutral,normal,40.0
1h,2026-05-09T09:00:00+00:00,80336.6,80197.77,,,80212.21,,,51.99,189.2996,,,80629.76,80212.21,79794.66,0.010411,False,256.17,0.4665,reliable,neutral,neutral,normal,40.0
1h,2026-05-09T10:00:00+00:00,80202.9,80198.26,,,80226.77,,,48.53,167.7321,,,80619.8,80226.77,79833.73,0.009798,False,249.38,1.0407,reliable,neutral,neutral,normal,40.0
1h,2026-05-09T11:00:00+00:00,80313.2,80209.21,,,80249.57,,,51.41,157.7218,,,80603.25,80249.57,79895.89,0.008815,False,241.22,0.9718,reliable,neutral,neutral,normal,40.0
1h,2026-05-09T12:00:00+00:00,80301.4,80217.99,,,80266.79,,,51.08,147.1403,,,80592.95,80266.79,79940.64,0.008127,False,228.59,0.871,reliable,neutral,neutral,normal,40.0
1h,2026-05-09T13:00:00+00:00,80417.2,80236.96,,,80296.19,,,54.17,146.4107,,,80555.43,80296.19,80036.95,0.006457,False,222.43,1.1026,reliable,neutral,neutral,normal,40.0
1h,2026-05-09T14:00:00+00:00,80380.4,80250.62,,,80305.55,,,53.02,141.235,176.9112,-35.6762,80562.64,80305.55,80048.46,0.006403,False,213.72,0.9465,reliable,neutral,weakening,normal,40.0
1h,2026-05-09T15:00:00+00:00,80276.3,80253.07,,,80317.2,,,49.81,127.2662,166.9822,-39.716,80543.53,80317.2,80090.87,0.005636,False,208.26,0.3937,reliable,neutral,bearish,normal,40.0
1h,2026-05-09T16:00:00+00:00,80560.7,80282.36,,,80334.04,,,57.41,137.5588,161.0975,-23.5387,80580.38,80334.04,80087.69,0.006133,False,215.89,0.4022,reliable,neutral,weakening,normal,40.0
1h,2026-05-09T17:00:00+00:00,80739.5,80325.9,,,80364.45,,,61.37,158.3184,160.5417,-2.2233,80652.11,80364.45,80076.78,0.007159,False,217.56,1.5674,reliable,neutral,weakening,normal,40.0
1h,2026-05-09T18:00:00+00:00,80828.5,80373.77,,,80387.7,,,63.2,179.8786,164.4091,15.4695,80742.39,80387.7,80033.0,0.008825,False,215.99,1.3104,reliable,neutral,bullish,normal,40.0
1h,2026-05-09T19:00:00+00:00,80881.3,80422.1,,,80420.83,,,64.29,198.9326,171.3138,27.6188,80828.83,80420.83,80012.83,0.010147,False,217.17,0.948,reliable,neutral,bullish,normal,40.0
1h,2026-05-09T20:00:00+00:00,80843.0,80462.19,,,80455.93,,,62.84,208.5386,178.7587,29.7798,80882.91,80455.93,80028.95,0.010614,False,213.87,1.0195,reliable,neutral,bullish,normal,40.0
1h,2026-05-09T21:00:00+00:00,80859.3,80500.01,,,80483.89,,,63.22,214.9884,186.0047,28.9837,80940.13,80483.89,80027.66,0.011337,False,208.43,0.91,reliable,neutral,bullish,normal,40.0
1h,2026-05-09T22:00:00+00:00,80733.1,80522.21,,,80498.86,,,58.27,207.5245,190.3086,17.2158,80967.64,80498.86,80030.08,0.011647,False,203.72,0.1869,reliable,neutral,bullish,normal,40.0
1h,2026-05-09T23:00:00+00:00,80709.8,80540.07,,,80512.32,,,57.37,197.453,191.7375,5.7155,80989.44,80512.32,80035.19,0.011852,False,200.43,1.0626,reliable,neutral,bullish,normal,40.0
1h,2026-05-10T00:00:00+00:00,80688.5,80554.21,,,80518.45,,,56.52,185.6129,190.5126,-4.8997,81001.58,80518.45,80035.31,0.012001,False,193.09,0.6845,reliable,neutral,weakening,normal,40.0
1h,2026-05-10T01:00:00+00:00,80611.3,80559.65,,,80530.55,,,53.42,168.0629,186.0226,-17.9598,81010.06,80530.55,80051.04,0.011909,False,191.89,0.9784,reliable,neutral,weakening,normal,40.0
1h,2026-05-10T02:00:00+00:00,80589.6,80562.5,,,80540.77,,,52.54,150.6665,178.9514,-28.2849,81015.93,80540.77,80065.6,0.011799,False,184.52,0.5713,reliable,neutral,weakening,normal,40.0
1h,2026-05-10T03:00:00+00:00,80763.7,80581.66,,,80571.0,,,58.42,149.2082,173.0028,-23.7946,81020.13,80571.0,80121.87,0.011149,False,186.65,0.4935,reliable,neutral,weakening,normal,40.0
1h,2026-05-10T04:00:00+00:00,80746.5,80597.36,,,80589.14,,,57.66,144.9932,167.4009,-22.4076,81035.71,80589.14,80142.57,0.011083,False,183.35,0.2419,reliable,neutral,weakening,normal,40.0
1h,2026-05-10T05:00:00+00:00,80725.8,80609.59,,,80608.6,,,56.7,138.3873,161.5981,-23.2109,81042.58,80608.6,80174.62,0.010768,False,177.43,0.1628,reliable,neutral,weakening,normal,40.0
1h,2026-05-10T06:00:00+00:00,80695.8,80617.8,80305.62,,80633.24,80305.62,,55.27,129.2414,155.1268,-25.8854,81024.05,80633.24,80242.44,0.009693,False,172.21,0.2537,reliable,neutral,weakening,normal,60.0
1h,2026-05-10T07:00:00+00:00,80731.0,80628.58,80322.31,,80654.13,80327.27,,56.65,123.411,148.7836,-25.3726,81016.54,80654.13,80291.73,0.008987,False,169.38,0.6488,reliable,neutral,weakening,normal,60.0
1h,2026-05-10T08:00:00+00:00,80757.7,80640.88,80339.38,,80676.95,80350.81,,57.72,119.5665,142.9402,-23.3737,81001.32,80676.95,80352.58,0.008041,True,163.02,0.2492,reliable,neutral,weakening,squeeze,60.0
1h,2026-05-10T09:00:00+00:00,80825.6,80658.47,80358.45,,80697.37,80381.01,,60.39,120.6084,138.4739,-17.8654,81003.81,80697.37,80390.93,0.007595,True,160.85,0.8442,reliable,neutral,weakening,squeeze,60.0
1h,2026-05-10T10:00:00+00:00,80741.9,80666.42,80373.48,,80715.45,80401.72,,55.72,113.3734,133.4538,-20.0804,80983.39,80715.45,80447.5,0.006639,True,158.95,1.8895,reliable,neutral,weakening,squeeze,60.0
1h,2026-05-10T11:00:00+00:00,80907.5,80689.38,80394.43,,80747.01,80420.17,,61.98,119.6231,130.6876,-11.0645,80933.46,80747.01,80560.55,0.004618,True,168.11,2.2585,reliable,neutral,weakening,squeeze,60.0
1h,2026-05-10T12:00:00+00:00,80819.3,80701.75,80411.09,,80759.94,80440.36,,57.33,116.1205,127.7742,-11.6537,80926.84,80759.94,80593.03,0.004133,True,167.05,2.1642,reliable,neutral,weakening,squeeze,60.0
1h,2026-05-10T13:00:00+00:00,80906.6,80721.26,80430.52,,80768.29,80454.19,,60.49,119.0171,126.0228,-7.0057,80947.18,80768.29,80589.4,0.00443,True,162.66,1.9037,reliable,neutral,weakening,squeeze,60.0
1h,2026-05-10T14:00:00+00:00,80905.8,80738.84,80449.16,,80772.15,80467.61,,60.45,119.8664,124.7915,-4.9251,80959.66,80772.15,80584.65,0.004643,True,157.33,1.9382,reliable,neutral,weakening,squeeze,60.0
1h,2026-05-10T15:00:00+00:00,81038.2,80767.35,80472.26,,80780.0,80494.91,,65.0,129.7276,125.7787,3.9489,80997.47,80780.0,80562.53,0.005384,True,165.15,3.5311,reliable,neutral,bullish,squeeze,60.0
1h,2026-05-10T16:00:00+00:00,81474.1,80834.66,80511.55,,80811.56,80526.16,,75.15,170.7479,134.7725,35.9753,81190.62,80811.56,80432.49,0.009381,False,190.45,4.4578,reliable,neutral,overbought,normal,60.0
1h,2026-05-10T17:00:00+00:00,81335.5,80882.36,80543.86,,80835.37,80555.73,,68.36,189.884,145.7948,44.0892,81281.03,80835.37,80389.7,0.011026,False,197.17,2.2435,reliable,neutral,bullish,normal,60.0
1h,2026-05-10T18:00:00+00:00,81426.1,80934.14,80578.46,,80870.02,80585.11,,70.25,209.9402,158.6239,51.3163,81384.63,80870.02,80355.4,0.012727,False,201.17,3.6155,reliable,neutral,overbought,normal,60.0
4h,2026-05-08T08:00:00+00:00,79706.5,,,,,,,,0.0,0.0,0.0,79706.5,79706.5,79706.5,0.0,False,,,reliable,neutral,neutral,normal,20.0
4h,2026-05-08T12:00:00+00:00,80235.1,,,,,,,100.0,0.0,0.0,0.0,80235.1,80235.1,80235.1,0.0,False,,,reliable,neutral,overbought,normal,20.0
4h,2026-05-08T16:00:00+00:00,79956.9,,,,,,,96.11,0.0,0.0,0.0,79956.9,79956.9,79956.9,0.0,False,,,reliable,neutral,overbought,normal,20.0
4h,2026-05-08T20:00:00+00:00,80224.0,,,,,,,96.26,0.0,0.0,0.0,80224.0,80224.0,80224.0,0.0,False,,,reliable,neutral,overbought,normal,20.0
4h,2026-05-09T00:00:00+00:00,80141.0,,,,,,,95.03,0.0,0.0,0.0,80141.0,80141.0,80141.0,0.0,False,,,reliable,neutral,overbought,normal,20.0
4h,2026-05-09T04:00:00+00:00,80565.9,,,,,,,95.36,0.0,0.0,0.0,80565.9,80565.9,80565.9,0.0,False,,,reliable,neutral,overbought,normal,20.0
4h,2026-05-09T08:00:00+00:00,80383.7,,,,,,,92.54,0.0,0.0,0.0,80383.7,80383.7,80383.7,0.0,False,,,reliable,neutral,overbought,normal,20.0
4h,2026-05-09T12:00:00+00:00,80301.4,,,,,,,91.24,0.0,0.0,0.0,80301.4,80301.4,80301.4,0.0,False,,,reliable,neutral,overbought,normal,20.0
4h,2026-05-09T16:00:00+00:00,80560.7,,,,,,,91.64,0.0,0.0,0.0,80560.7,80560.7,80560.7,0.0,False,,,reliable,neutral,overbought,normal,20.0
4h,2026-05-09T20:00:00+00:00,80843.0,,,,,,,92.06,0.0,0.0,0.0,80843.0,80843.0,80843.0,0.0,False,,,reliable,neutral,overbought,normal,20.0
4h,2026-05-10T00:00:00+00:00,80688.5,,,,,,,89.38,0.0,0.0,0.0,80688.5,80688.5,80688.5,0.0,False,,,reliable,neutral,overbought,normal,20.0
4h,2026-05-10T04:00:00+00:00,80746.5,,,,,,,89.5,0.0,0.0,0.0,80746.5,80746.5,80746.5,0.0,False,,,reliable,neutral,overbought,normal,20.0
4h,2026-05-10T08:00:00+00:00,80757.7,,,,,,,89.53,0.0,0.0,0.0,80757.7,80757.7,80757.7,0.0,False,,,reliable,neutral,overbought,normal,20.0
4h,2026-05-10T12:00:00+00:00,80819.3,,,,,,,89.68,0.0,0.0,0.0,80819.3,80819.3,80819.3,0.0,False,427.41,,reliable,neutral,overbought,normal,20.0
4h,2026-05-10T16:00:00+00:00,81474.1,,,,,,,91.11,0.0,0.0,0.0,81474.1,81474.1,81474.1,0.0,False,444.54,,reliable,neutral,overbought,normal,20.0
