date,btc_market_cap,btc_dominance,btc_volume,btc_close,usdt_market_cap,altcoin_season_index
2024-05-10,1240910691253.6274,50.69463958869319,25837724247.550426,63148.599943097026,596.3634049227411,50
2024-05-11,1199393711200.297,50.71,23987518755.480534,60888.21674957157,585.63209486269,50
2024-05-12,1197102943502.2341,50.57942688852466,12120618802.065384,60776.972079172134,591.5322705643867,50
2024-05-13,1211277523448.5786,50.86,13045696108.912676,61507.054004121346,594.0478928219344,50
2024-05-14,1238994152713.125,51.32361624020224,27740460083.601814,62878.783300729294,591.4430302446636,50
2024-05-15,1212998352772.157,51.43,21581895152.31416,61569.1130057734,566.6540797108654,50
2024-05-16,1307048849176.4167,52.00090532458936,38101793065.15294,66220.51831432826,582.2776668543061,50
2024-05-17,1286278919684.0837,52.01,29114585833.349678,65260.879803346186,569.1833921144822,25
2024-05-18,1319238394090.13,51.704580871692116,25397793918.993534,67053.12326509564,581.3528348007209,50
2024-05-19,1319928522881.6436,51.67,13025487675.845129,66912.61861403697,579.6733289621226,25
2024-05-20,1304727108597.6987,51.82248634634426,9072734600.009218,66252.71259591613,574.2318739013161,50
2024-05-21,1406288649446.611,51.11,35923476641.4359,71430.29700215145,600.7777660119472,50
2024-05-22,1382275470797.567,50.39044221688681,41105056578.01701,70189.8358177002,618.8192565287056,75
2024-05-23,1362228629448.754,50.26,31059440495.91766,69181.20085677762,614.7193778227489,75
2024-05-24,1336347300306.381,49.874532172172295,39235702119.25446,67906.46534276106,598.7991409330791,75
2024-05-25,1350764328536.3708,50.36,28127411967.182774,68539.91646552991,600.0237430352892,75
2024-05-26,1363997851294.8164,50.32826151008507,15929396750.116022,69268.44558973772,602.185289762264,75
2024-05-27,1349351520129.172,50.01,11243743771.147913,68508.83110875699,600.0099567532791,75
2024-05-28,1366931305389.0393,49.86592237501261,18983806932.464344,69367.23871755725,603.7379863160476,75
2024-05-29,1347542673428.3018,49.78,31278122196.184998,68316.63588049631,601.027199842003,50
2024-05-30,1331734029835.3335,49.90272972749675,24320692137.62038,67577.26558995963,595.1906949308271,50
2024-05-31,1346147846430.124,50.27,25344376897.716885,68372.49288434093,595.0819435647909,50
2024-06-01,1331606411822.8157,50.01878441371272,19685305476.459476,67474.95483698409,593.7073159967216,50
2024-06-02,1333649555935.3525,49.85,10724053324.55672,67704.32641811523,600.9239789843393,50
2024-06-03,1335930570689.7126,50.08814672214646,16137350587.750422,67740.01690222476,602.9471398632894,50
2024-06-04,1355484820107.0864,50.32,29862293749.910686,68808.29368590549,626.564554887942,50
2024-06-05,1390853496950.4385,50.39076513622904,31561053725.144592,70600.01116676089,686.5106675772284,50
2024-06-06,1400297735227.1965,50.23,32560403314.989147,71184.59943059199,699.924112025121,50
2024-06-07,1394881646977.521,50.39141177529667,23612879689.560955,70759.58819301432,710.0434830589062,50
2024-06-08,1366366925856.506,50.85,18597495569.911568,69325.36238847222,683.3383279797964,50
2024-06-09,1366065699664.3162,51.13241085472193,10688301508.476225,69315.1041233966,682.7827497468624,25
2024-06-10,1372556186704.501,51.04,10461044041.080194,69654.16073760358,673.495305137746,50
2024-06-11,1369378888543.5317,51.40917719933415,19335866773.67523,69493.17760915738,624.1111865882733,25
2024-06-12,1327665028180.2761,51.83,38513044382.60802,67329.15232724321,601.6892499687187,25
2024-06-13,1345244310606.6865,51.36405394075136,36027809551.45211,68224.51967501991,618.8387734028372,25
2024-06-14,1317161415434.6978,52.43,29654777884.381138,66700.31696564378,599.1566520664575,25
2024-06-15,1301949410096.3496,51.51939792587784,27966992832.749634,66011.07873713733,603.0538175934126,50
2024-06-16,1304370314917.9756,52.47,13472726244.723091,66190.4874891135,607.8065562169128,25
2024-06-17,1313849391756.9756,51.09469427061975,12650130203.722813,66615.53782131766,609.8330309332431,50
2024-06-18,1309329377372.7744,52.71,29409728999.276093,66460.38897909952,603.9317705958817,25
2024-06-19,1282295865979.065,51.79834091899257,41386972050.31837,65109.314812190474,588.3547299332587,50
2024-06-20,1278699763341.0723,51.45,21680698980.889107,64907.07460760319,598.1823995707931,50
2024-06-21,1279317116821.3782,51.56549064138953,26001551474.84426,64844.67441797763,586.9059353494202,50
2024-06-22,1263258746635.2896,51.66,24694310198.90943,64071.624284709695,585.8611030285144,50
2024-06-23,1266336092890.8738,51.36021032252236,6340606686.24879,64239.90348813148,590.5596486180493,75
2024-06-24,1248188877658.2324,52.64,10748270931.518738,63221.35738437477,577.112305791683,25
2024-06-25,1188964670369.4045,50.62059494513238,42036553106.89028,60363.23497529626,568.2866257920481,75
2024-06-26,1217935012739.8113,50.28,21105562261.648533,61770.413870095355,578.10170306042,75
2024-06-27,1198205485427.564,50.51789135485435,22908540918.971207,60749.89619402014,571.9653901943021,50
2024-06-28,1213931985719.8025,50.15,18855138893.067604,61562.64532550036,580.4848098316352,75
2024-06-29,1189569860170.9426,50.411777596071225,24399416695.150173,60317.09697945116,566.7791835235641,75
2024-06-30,1199792912680.844,50.38,11435110883.886795,60864.44316193428,569.037979199843,50
2024-07-01,1236676710888.4822,50.91490244497503,17373592048.120487,62734.39383945474,581.7785946481981,75
2024-07-02,1238799172479.871,50.91,25573074910.689686,62819.82226921849,576.4582104446572,50
2024-07-03,1222901857941.0586,50.55648689243242,18100530101.689426,62042.5650371006,579.0244502710267,50
2024-07-04,1186937170314.9272,52.85,30348692427.02443,60244.68076433092,556.9797154228937,25
2024-07-05,1130121668991.0515,51.49566357053418,43112005394.93119,57189.17412408636,513.9453755496933,25
2024-07-06,1118490666778.4585,49.61,60081357583.2773,56739.86285107204,498.62196780135304,50
2024-07-07,1147176330416.144,50.94736154132278,21293913670.919975,58230.4841542266,527.4566371635227,50
2024-07-08,1100452083927.7026,51.66,20211914621.326435,55880.3753776708,489.8966088738004,50
2024-07-09,1117615464651.686,50.97199519371408,41614266908.30467,56665.140733520275,510.23246278627056,50
2024-07-10,1144794688186.9604,50.84,28413854577.262756,57988.30351208401,516.6700504533386,50
2024-07-11,1139350681822.5857,50.88604265750537,25987656347.278587,57704.202284462874,524.2934683955484,75
2024-07-12,1130276546536.143,50.81,29196653598.752666,57388.192479166675,525.4243568486237,50
2024-07-13,1141567375406.1943,50.70619410454375,25504482306.198975,57899.28895749592,533.79693592098,25
2024-07-14,1168371787725.7102,48.55,16765547593.243273,59152.71913887286,531.8300862413389,75
2024-07-15,1204059167828.704,51.34850340947693,21295520563.65442,60942.32773996293,544.9923777318921,50
2024-07-16,1277806993830.5176,49.62,37810068492.862465,64835.48973321571,586.5021629410871,75
2024-07-17,1284899538175.1812,51.419521499373445,40914441633.09575,65162.23625234354,577.0733320025251,50
2024-07-18,1266016458007.3477,52.23,33459451713.593426,64136.31384360687,568.6629868188512,25
2024-07-19,1261456293182.2588,51.15840638172789,25976148878.632153,63959.56900809379,571.9732791484945,50
2024-07-20,1316147398343.7175,49.32,36994610752.230415,66689.54880734957,593.6286687768509,75
2024-07-21,1325658979467.9998,51.589977556440225,17353396168.041622,67206.06470614894,593.7583912963933,25
2024-07-22,1343346742483.077,51.78,27078771827.95196,68088.13996324532,601.817243994619,50
2024-07-23,1333201881091.7786,52.05130593476108,43157593651.80313,67607.71339918874,589.292647245785,25
2024-07-24,1300963591115.5374,51.58,36100536095.18872,65942.41746522837,582.4529136231971,50
2024-07-25,1290447066028.3152,51.92364099153684,28680123269.715443,65403.53513022529,574.4106472326896,50
2024-07-26,1297125144853.139,51.24,35836896135.542854,65749.96361965332,570.9283836332269,50
2024-07-27,1339927966898.6016,52.76623625504381,30821370069.206276,67920.2964857025,581.0688197159623,25
2024-07-28,1342889431798.832,52.9,30976752616.761925,68055.40838968738,582.1631652390556,25
2024-07-29,1346263382369.5552,52.989214941131955,17175244020.36542,68242.2474440493,584.4214798073752,25
2024-07-30,1317581413497.2551,53.68,42529043667.45024,66770.32091848266,574.7212730893208,25
2024-07-31,1306758338817.987,52.587273265355485,28892376510.689587,66219.05102486102,585.8203686347002,25
2024-08-01,1275401473742.0508,53.51,31403681581.194077,64679.778647032515,576.7235905020976,25
2024-08-02,1289157073527.528,52.82409475669454,38911302447.60912,65357.52960767435,575.3955117876043,25
2024-08-03,1211854070245.47,55.64,39004321616.3716,61407.29547397454,542.9536431671482,25
2024-08-04,1197962170718.7737,53.27230685923655,32885545023.712658,60738.7449250574,529.824763245154,50
2024-08-05,1147854905921.6433,59.63,33664501541.451115,58006.206586686734,495.964297435195,25
2024-08-06,1064889039013.8289,53.452596962117205,120245972389.37173,53956.26184159744,464.9172230655701,50
2024-08-07,1104019419316.6865,53.25,52620100833.47091,55959.84107399357,483.58147031545303,50
2024-08-08,1088566703585.4303,53.69863115496568,41605918903.41173,55099.95181146735,474.91517548175267,50
2024-08-09,1218342891278.6091,48.46,49201548320.290726,61859.03159904161,517.0200212361478,75
2024-08-10,1198300504959.2505,54.059364757899765,33804208928.47938,60912.588533350805,508.50598966236623,75
2024-08-11,1201818989571.278,54.53,13418919090.197285,60887.70861641504,523.4081972371441,25
2024-08-12,1159146815397.6223,54.068918349579874,21715994493.456894,58804.23449992608,503.4723056454186,75
2024-08-13,1171441797233.8909,53.93,39403296385.84335,59350.07433270696,518.7522169712583,50
2024-08-14,1195798013190.8457,53.73119133805978,31955576195.246292,60601.22317789727,523.5534548294074,50
2024-08-15,1159479277227.7532,55.19,28079911397.67297,58739.19382231015,523.8422624962476,25
2024-08-16,1137141836825.8655,53.39096624703493,33490251842.381626,57624.11692852191,519.9897914144176,25
2024-08-17,1162716063850.1133,53.41,30368238897.207172,58881.92579151217,519.7178383319489,50
2024-08-18,1173270497431.1711,53.73296271713029,12467437134.05582,59430.79163445865,542.028372504351,50
2024-08-19,1156217205294.1643,53.85,17656027563.72502,58438.293742685404,530.6035820721123,50
2024-08-20,1176063402361.815,53.5532445921175,24031330179.258953,59574.945812940874,561.3466933045529,50
2024-08-21,1166088863323.0896,54.95,31470716090.619144,59060.12610074137,569.5129223388254,25
2024-08-22,1207099049402.5117,53.76878365294069,32960965010.60808,61144.68762866613,569.5545076353214,75
2024-08-23,1192308382713.8381,53.67,28170302505.847404,60387.54062321362,583.7567536762228,50
2024-08-24,1261916434075.0183,53.491645914395214,45038665759.42134,64049.68561555576,590.4688964429359,50
2024-08-25,1264961887998.9824,51.12,22029153446.354362,64157.1606134782,580.9115618477243,75
2024-08-26,1269291077270.1143,53.8452584042829,17875230147.044323,64265.81631272862,573.1076363055,50
2024-08-27,1242487823611.2612,54.77,17894692681.091812,62922.58634676265,548.8530122031234,25
2024-08-28,1176762244308.0742,54.03119005621636,38131727427.91789,59526.560879590994,534.6723254250207,50
2024-08-29,1166032395735.947,53.83,42018989572.42786,59015.29633887944,536.5579977474256,50
2024-08-30,1171762256043.917,53.742424157636506,32563333956.986053,59351.5794909728,536.8036844570744,50
2024-08-31,1168247205700.9673,53.97,44038496614.947586,59156.246036463555,535.4547657229192,50
2024-09-01,1164278309271.2642,53.82373343299414,11399086336.303324,58960.23658664587,532.7142189592856,25
2024-09-02,1133133027660.6194,55.9,25465621877.97047,57357.71617282246,512.8645441575117,25
2024-09-03,1168410293915.9832,53.92287290686117,28012782290.96625,59108.73235863689,526.1346608462134,50
2024-09-04,1137361604370.578,54.17,26829983370.35861,57504.538586220435,518.9769919279926,50
2024-09-05,1144983177152.221,54.06634916810704,37550380696.7459,57987.84601410068,508.0001826075747,50
2024-09-06,1109212553022.4158,54.3,30005773445.693718,56132.404732088595,502.3364802943831,50
2024-09-07,1065462041080.5197,53.64661333135269,50260816556.81667,53923.35611071905,486.61133722783063,50
2024-09-08,1068954727890.2039,55.88,17048448412.007126,54150.9383589072,493.1697725825615,25
2024-09-09,1085390277573.522,53.431525104681555,18644823662.23431,54792.40755768575,502.47327648981104,75
2024-09-10,1126840069631.8132,51.47,35655419448.07046,57049.118751143265,519.0381441947187,75
2024-09-11,1137928777838.5286,53.603744630957394,29676093302.30697,57624.16178336144,517.371526189411,50
2024-09-12,1134292554478.847,52.95,37765652735.2964,57381.764445000474,530.7261556082223,75
2024-09-13,1148469900814.253,53.75773804530568,34177859933.02337,58106.951229815284,543.9941131094093,50
2024-09-14,1197832322916.0117,52.06,31919740723.76027,60620.62747295754,557.3001014335761,75
2024-09-15,1185255944124.8464,54.101172734566994,15800120841.166773,60003.29940083042,553.4601547683208,75
2024-09-16,1169677517083.0613,54.15,17289597542.866756,59214.80226801806,553.5317684437828,50
2024-09-17,1150499194409.9338,54.34362387246541,32196570894.402115,58211.123231286256,534.0307828642058,25
2024-09-18,1191818552363.6113,53.14,34191170117.78261,60317.0319794625,545.8591557817873,50
2024-09-19,1211837853548.9263,54.63000338903983,40445339415.1129,61440.41208494509,559.2622033756663,25
2024-09-20,1243871590271.4927,54.18,41959080716.28771,62966.52931910512,565.7226434773531,50
2024-09-21,1246475981189.1353,54.24210712500709,35587830476.533394,63128.224540748255,568.1419699696063,25
2024-09-22,1254104417392.48,53.38,12938083115.659332,63403.402349259355,589.1278971088337,50
2024-09-23,1255899286380.1958,54.279661071613546,20349365412.816723,63582.59956924825,588.0008491467103,50
2024-09-24,1251095079247.0432,53.96,23998847798.757656,63327.02654450202,604.2907205092504,50
2024-09-25,1271183646356.5713,53.8795619465928,31490984593.70592,64334.14274876097,606.3196193639224,50
2024-09-26,1245721254991.302,53.64,26087643765.748165,63151.89959401337,587.4528459687532,50
2024-09-27,1287151352432.846,53.88205360949332,37995568903.94455,65130.76884023231,596.6500568684918,50
2024-09-28,1299708226182.0723,52.4,32664917503.931107,65791.00212541742,608.5326765533662,75
2024-09-29,1303217687717.8518,53.907395903388434,15342911002.84781,65934.10709441357,601.8844621885047,50
2024-09-30,1297825615076.3352,53.17,12948707838.938381,65663.68986662335,596.6124622623387,75
2024-10-01,1249577803402.1707,53.55826665789702,35124446789.27111,63243.27532464382,566.6132996895035,50
2024-10-02,1202927109017.5488,54.43,54251488433.95029,60872.668543725544,547.6662085850359,50
2024-10-03,1198652098493.4897,54.32283348315422,41870731291.86736,60655.55979196848,542.1361610816159,50
2024-10-04,1200491237695.5154,55.49,37711138441.76231,60727.86395169296,543.9268634322848,25
2024-10-05,1226663492771.043,54.35032996621572,30349059838.684578,62103.01047283253,555.7319512863536,25
2024-10-06,1226761949791.163,53.43,11095453162.990673,62091.932585194016,563.0576257615133,50
2024-10-07,1241834324867.657,54.332666651984006,14592422860.685436,62811.79972811266,570.3887106812168,25
2024-10-08,1231091696620.0955,53.22,33878876147.30253,62287.39010510681,564.5530144089458,50
2024-10-09,1229717180592.4397,54.27554583411147,28626429276.55382,62185.230423727575,580.5834563804233,50
2024-10-10,1197736450280.4102,55.86,28530748117.898792,60597.15045618275,570.4233445375069,25
2024-10-11,1189691671375.1472,53.83795830523066,29481971885.649742,60195.18073772453,562.2876092184791,75
2024-10-12,1233357176570.333,52.05,32008659336.482643,62392.34048293159,572.6973782181188,75
2024-10-13,1249002272717.2275,54.11041914871052,17665963646.417107,63207.77062127557,576.4218063678553,50
2024-10-14,1241241970951.0295,51.16,16784552979.060463,62829.533686088886,572.0464555145396,75
2024-10-15,1306085613997.8015,54.26817316216095,46553796134.14602,66049.99492708022,588.7145782741194,25
2024-10-16,1323774576161.621,53.02,51797932876.82809,66962.21994496793,593.7859585166118,75
2024-10-17,1337304399194.887,55.10666077148322,40640495380.19594,67647.54414766871,600.7171299370192,50
2024-10-18,1330387728623.8188,52.48,34512072357.92087,67328.10527002988,592.06562034803,75
2024-10-19,1353541799303.4875,55.1802332647534,39984956633.228035,68465.61920668735,599.7937020052995,25
2024-10-20,1351942347611.1997,52.19,14110889435.452631,68388.87128965274,598.0584515713127,75
2024-10-21,1362381684459.9053,54.554883524636125,17253863432.786995,68962.82918045693,604.7364465668796,25
2024-10-22,1332326858574.4448,55.78,40485496091.95008,67394.85775735618,598.8441916110455,25
2024-10-23,1331426858508.4004,54.7090497805113,31398389967.38113,67351.04793512498,593.2537357882547,25
2024-10-24,1318285437546.2786,54.7,32676918488.059,66683.96806542306,584.5160075603742,50
2024-10-25,1347888109010.5889,55.26529496189654,35892606570.03549,68214.05205157402,594.325893184941,25
2024-10-26,1313975091942.221,56.02,48426924850.053406,66585.66535501445,573.5027977179195,50
2024-10-27,1325192118637.2595,55.58519402866383,21169467789.89267,67018.1650170265,582.7002844268627,25
2024-10-28,1343350549900.1233,55.31,16533385730.434193,67938.55412885673,588.3466587883522,50
2024-10-29,1380874923096.4146,55.86219694456557,41990540384.96554,69845.304531169,600.2951565105121,50
2024-10-30,1439310420089.3665,55.41,65487782004.97014,72781.11308158132,605.9923660648295,50
2024-10-31,1431085552900.1965,56.30695200693986,43498144313.67304,72342.62171127986,595.7628311131087,25
2024-11-01,1390195908292.9321,58.24,45907074188.570145,70264.99735573279,575.5827350716986,25
2024-11-02,1374687306836.925,56.38937590597526,54863092261.31101,69507.92256395647,572.9178309294414,50
2024-11-03,1370516856365.7996,59.73,14709379754.965973,69299.16036699413,568.1788705867822,25
2024-11-04,1362302032218.0198,56.908110915819066,37659435506.757034,68803.50626277467,557.9719388092819,25
2024-11-05,1340192510479.9568,57.43,46183110993.79166,67793.29782704762,552.0002698236904,25
2024-11-06,1370963795352.6948,56.79535834124264,40025021601.49395,69335.42553133758,563.1815855751432,25
2024-11-07,1496392703840.9058,51.63,128492534668.23851,75620.88606963192,591.1691503275006,75
2024-11-08,1502620808927.6982,56.15953742903136,66590396087.4524,75987.24178320667,598.6118114741502,75
2024-11-09,1514048743889.1255,55.72,50687468387.720375,76550.0213845611,598.0540120171064,50
2024-11-10,1519470275068.1016,55.0478799562556,31430906055.796104,76630.22631415377,623.0345147169824,75
2024-11-11,1590846468754.067,52.39,93473126207.67865,80466.71654833542,628.4982208915301,75
2024-11-12,1756619702929.0437,56.24273966400487,133959805308.72511,88637.42000322911,655.001920202732,75
2024-11-13,1741113172482.1243,52.5,152356811694.44943,88264.59974582895,629.1405449090754,75
2024-11-14,1790737763695.3328,57.35982973537893,136046309843.60645,90488.10007497849,620.6711241408003,25
2024-11-15,1726797438787.217,58.99,99649391847.08359,87407.51273710128,620.7149581494238,25
2024-11-16,1799276211921.9302,57.19337036388244,84382485697.84985,90947.97509443703,618.5720978479429,25
2024-11-17,1790415769635.4927,54.68,49255174407.368774,90606.45489380708,622.5200094288792,50
2024-11-18,1776887033229.9082,56.43927103810257,48556083101.64749,89841.47194135105,617.8473040647104,25
2024-11-19,1790917617392.4407,56.54,77391724184.19348,90534.62459650292,619.6636009849202,50
2024-11-20,1825195454018.501,56.55880993280674,80493234958.49161,92251.65240738312,615.9180341474424,25
2024-11-21,1862618759426.145,56.87,80747272080.24826,94217.02229634205,607.2954246379498,50
2024-11-22,1948284556982.0486,57.12033006665147,118163852022.3175,98509.11859102432,623.5047261063257,75
2024-11-23,1958091000957.8345,56.5,85746174563.98602,98927.49494553401,633.0202588832259,50
2024-11-24,1931255637661.502,55.50230388895512,47414200206.70341,97679.46381643033,651.5324156029599,50
2024-11-25,1939446484727.4285,54.98,50665680246.86775,98015.9355289458,661.6867306484445,75
2024-11-26,1838788677873.8657,54.771462192462316,89476321216.0935,93004.70093103287,635.2624284539559,75
2024-11-27,1819990514406.0881,55.05,97389239315.52954,91931.83077291827,613.7254260217858,75
2024-11-28,1899088665519.225,54.40312851321726,81469353259.75,95981.18057210564,645.1514917318507,75
2024-11-29,1892297852304.72,54.42,49067932024.40325,95661.59595817851,654.5913158519834,75
2024-11-30,1926826079390.2441,54.08411768802998,74670031635.5065,97453.2473451042,654.771684845135,75
2024-12-01,1910022814269.8855,53.01,43580019720.720634,96513.14234698225,655.0341088639733,75
2024-12-02,1925808416477.5068,53.06907980120511,49147687432.565895,97311.70719084324,655.7348886381908,75
2024-12-03,1896576914275.523,52.2,101019861361.49252,95833.1362300365,647.1199397363577,75
2024-12-04,1900922167493.3643,51.69882260641309,87935752287.975,96031.63097759831,740.0349367441655,75
2024-12-05,1957276192604.2603,50.56,98230784298.0459,98881.4694561823,736.4426842404933,75
2024-12-06,1920742551503.6094,51.74754087735095,190460293531.53802,97201.50036407741,719.7623500626481,75
2024-12-07,1978389972043.7947,52.01,115812632020.44765,99973.85150659826,732.5424290130477,75
2024-12-08,1974739091620.7542,51.14970317985546,61061136199.7846,99781.82999198174,750.2454938747231,75
2024-12-09,2003238967638.8286,51.31,62677764785.05408,101235.3717025316,745.3758374040211,75
2024-12-10,1926047690157.6282,52.97932300334624,146846843211.51685,97353.94700820887,688.0073673187646,50
2024-12-11,1913115778728.2837,53.32,125835977742.51114,96649.71446771531,675.4213801221093,25
2024-12-12,2001746436338.842,52.89506714043256,118484957960.76833,101123.61811033697,710.6900184753106,25
2024-12-13,1979166149963.3093,52.96,100092043319.81221,100000.80836535197,705.6789649754452,25
2024-12-14,2005406021235.8357,52.48486459635261,78802903278.85962,101352.22971292294,726.77223065721,50
2024-12-15,2007646386698.8667,51.98,57321924844.41535,101367.01064553364,715.4486038130365,50
2024-12-16,2075487816560.1924,53.57650797043399,70645074624.52869,104721.50151808978,722.5581932063777,25
2024-12-17,2097460193710.789,53.66,115184737759.33566,106074.10723541168,720.6829341808788,50
2024-12-18,2100629850064.9119,54.10578363747183,93417826250.1972,106034.913402645,715.6520089733765,50
2024-12-19,1985284833093.572,56.8,113692025885.44745,100355.5761481501,687.6624331507581,25
2024-12-20,1937022229972.2085,55.305011994746,100611554887.24123,97851.35377075805,669.0228793928828,25
2024-12-21,1932373308116.0107,54.47,112340864006.62827,97691.43431692653,677.8485768483023,25
2024-12-22,1922768195068.165,55.288831645811634,53058382639.48845,97202.82496847633,662.4248813776467,25
2024-12-23,1884599149192.4587,56.42,44619017105.36954,95094.27394862173,648.5721398402843,25
2024-12-24,1874912975786.6604,53.91275228791713,64937790292.61125,94644.91085464321,692.2861092311789,50
2024-12-25,1951173788529.116,53.62,49169088282.15742,98695.71400782601,697.9537563672064,50
2024-12-26,1966481159354.1177,54.589703119249414,33963749856.44743,99344.95417367229,702.3466001659357,75
2024-12-27,1894744251986.1084,55.75,45049342388.18843,95678.31244565405,687.5178696037362,50
2024-12-28,1867708753554.924,54.53118605318744,41498540807.666954,94331.94727053077,690.3639423450093,50
2024-12-29,1885556552231.4314,54.61,22429850903.940086,95184.61945288602,720.5679127131004,50
2024-12-30,1854872605738.8086,54.35881624351303,24065314499.502274,93663.44751964067,694.4826804506174,75
2024-12-31,1833188187477.531,54.64,57595164139.4709,92627.28213113277,703.1066174310417,50
2025-01-01,1851839954625.13,54.46631633885614,45327464907.74362,93507.85874741491,701.5723264012628,50
2025-01-02,1869193319140.2422,53.53,23275007789.496334,94384.1761153871,705.8130365866023,75
2025-01-03,1917905016063.62,53.884147094108194,45157338602.617516,96852.14681235075,705.8312420795146,75
2025-01-04,1942834829349.9563,52.39,35721645948.10051,98084.34279280754,713.0475655102006,75
2025-01-05,1946611205641.351,53.04394235497093,20979035420.980793,98256.73876849933,714.0857730267945,75
2025-01-06,1948339898718.8586,53.27,20060293834.7155,98364.58946599838,709.3017578903202,75
2025-01-07,2024825178619.8228,53.81998814075863,46111387334.46171,102229.39453189743,730.7109274996172,50
2025-01-08,1919133187081.3127,57.01,60610257147.15405,96952.09886774956,696.8339974504797,25
2025-01-09,1885313354913.7239,54.27024154474641,65790469838.34392,95016.71440989176,695.7266204397939,50
2025-01-10,1832933628117.9436,54.59,65850881574.76184,92376.27578346101,686.294216607382,50
2025-01-11,1876836759923.398,54.45522303178496,63433655716.757095,94736.6267420969,693.7427801750233,25
2025-01-12,1874286243377.8525,53.14,17836423168.41627,94559.55167224213,696.7344557337125,50
2025-01-13,1870314882306.9236,54.309210636446245,19608932595.53299,94454.77089638807,693.0584426939826,25
2025-01-14,1870609367804.8223,53.22,76328330233.31137,94456.3493746993,688.3576507228246,50
2025-01-15,1912603332624.1123,54.58398463837501,51241728228.81719,96574.07768799194,698.74344424996,75
2025-01-16,1986831430651.8647,51.91,57637319739.543396,100313.15239828422,714.7919481480744,75
2025-01-17,1980935754458.284,54.140046252948906,50150102497.2729,100044.57926776377,708.7829768816523,50
2025-01-18,2063854663834.0774,53.49,69135117732.00064,104160.69358484233,721.1359383883954,50
2025-01-19,2067151195362.0425,54.58333442981584,49416447749.13053,104334.61575724394,709.848578937929,25
2025-01-20,2014842808849.5005,56.3,72970313683.92325,101275.33714814208,682.349570503562,25
2025-01-21,2017837068202.1384,55.06204393004261,120158523166.88387,101764.90860170545,677.2617301582343,25
2025-01-22,2098829000928.49,54.54,95344290057.8965,106182.2368201815,693.0634731671475,50
2025-01-23,2054288661793.9773,55.20837632253182,55030669602.56557,103673.53509537787,694.4219334575758,25
2025-01-24,2062360759045.0,53.96,102455227371.20761,104067.60991206947,689.6926515818565,50
2025-01-25,2076156720642.786,55.52968210670121,51418786362.7815,104835.19253555956,680.331260963174,25
2025-01-26,2077647817531.3406,55.79,22740744964.719296,104796.04077738234,686.4624751742597,25
2025-01-27,2036324005947.406,55.64792717525845,20639818380.26942,102552.24874280207,664.4667087887276,50
2025-01-28,2019295541213.5288,53.96,93191643783.24739,101958.46953745594,679.6778451363223,75
2025-01-29,2007072201507.5273,56.23949780599984,45780526813.56264,101313.11264498268,661.6311598715406,25
2025-01-30,2056581551171.7,56.01,47425401641.53094,103718.97939813645,667.745952530571,50
2025-01-31,2076760153260.6191,55.99769834428127,42122570869.034325,104781.5135100103,676.9452959901981,25
2025-02-01,2028504133577.489,55.66,37187819228.35328,102382.39409722165,677.1124207686067,50
2025-02-02,1996423711261.7268,56.40497394506119,22827776122.48367,100674.78762544956,654.217143435919,50
2025-02-03,1933691439792.2544,60.58,59784234332.21204,97568.31653024875,616.6428289864358,25
2025-02-04,2011121374511.8835,57.90819223509626,122163969235.23686,101466.8606657039,616.4068055452193,25
2025-02-05,1943535291172.1597,58.51,73196693057.98114,98118.43921664466,573.6042069760077,25
2025-02-06,1912584628590.309,58.03454787519963,48848958931.79228,96582.88682919052,569.5181048818762,25
2025-02-07,1915093756057.5637,59.74,44462180396.172516,96635.41875332211,572.2112608064776,25
2025-02-08,1911296376425.356,58.70086647026943,57077722340.22422,96558.4563096667,578.4992668082035,25
2025-02-09,1914211835440.1182,58.05,20760850644.84597,96558.23762501091,614.7094865407944,25
2025-02-10,1913068773356.083,58.430080719783675,25457107581.051964,96548.57865379585,617.2838550746773,75
2025-02-11,1930742951090.367,57.8,37054987393.57789,97399.98161383197,617.6277634766806,50
2025-02-12,1898788887978.3252,58.05166922219045,36454577154.5622,95739.97737079239,643.374116169739,50
2025-02-13,1936842454813.9983,57.96,47115618235.19051,97836.18856127483,698.0715219546765,50
2025-02-14,1914315097486.3862,57.67325032301852,29084371910.690556,96561.6639990985,669.9136528267184,75
2025-02-15,1931656846871.4856,57.07,32289906944.92862,97488.48148536457,657.410706012491,75
2025-02-16,1934308378710.2861,57.543765733610705,14215311318.346336,97569.95169430465,661.9679162628277,50
2025-02-17,1905012222220.3691,57.84,13634794998.739267,96149.3484548204,674.7322746333247,50
2025-02-18,1898997753781.9536,57.42711056759722,25324374113.08163,95776.15723852723,667.1818129347955,50
2025-02-19,1892702154844.508,57.94,38311133144.729355,95495.89153299287,647.7337603591404,50
2025-02-20,1914337919659.5537,57.81948544578861,27703222487.389572,96554.87156259285,651.2699602601128,50
2025-02-21,1950376106325.3228,56.78,24175261969.81266,98384.31738240314,657.2357183731672,50
2025-02-22,1906058197506.3809,58.12595854685618,42477472950.92155,96135.15541305285,646.8031724730836,25
2025-02-23,1915260330870.798,58.65,18464415570.762142,96564.15414290235,668.785472644957,25
2025-02-24,1909625674815.4763,57.54799312101733,16643044374.983364,96327.46309127835,658.3040708334223,50
2025-02-25,1814176779160.4363,61.56,45539703844.38777,91396.76686930266,611.6538008061765,25
2025-02-26,1759750360550.3337,57.893239232358226,96742453402.56294,88755.7693356979,623.430675278815,50
2025-02-27,1664314955447.7466,60.34,69277430795.68657,83900.11496524839,610.3578616799338,25
2025-02-28,1679555320077.2097,57.56703324017889,81960688217.70384,84709.14477847965,605.3106534011248,50
2025-03-01,1674754437110.342,54.41,80695237175.07367,84441.9012237131,587.5469266891337,75
2025-03-02,1705564098300.8237,58.028185289080305,30634474722.6359,86005.25629681018,608.2885669828928,50
2025-03-03,1868321705444.4878,48.84,61859112550.80991,94261.53286538439,623.6422270366194,75
2025-03-04,1708198960874.3418,58.41313078317222,68715362745.4567,86124.71418722175,574.3332822956445,75
2025-03-05,1731441668069.6523,55.99,65863356680.42408,87310.80531078295,583.1532087181396,75
2025-03-06,1797706868227.531,58.54304424228582,51606642859.81411,90604.08098523637,597.848549405523,75
2025-03-07,1782785866811.654,59.39,47555759124.64708,90001.40087607042,595.9383138170398,25
2025-03-08,1720436931689.2776,58.32207129691043,63216440874.73251,86773.33597555371,594.5528006856207,25
2025-03-09,1708605516770.228,60.08,18809360803.37126,86142.9833586432,593.0806975943264,25
2025-03-10,1602073794580.0344,58.37852068233239,32013406240.51754,80751.13893300897,554.7300039388367,25
2025-03-11,1563547150147.7332,61.58,49983692766.22745,78783.94057934263,532.5658810549988,25
2025-03-12,1642997419531.6057,59.20184551286554,56404462275.083046,82799.1080292053,552.6254279577566,25
2025-03-13,1662502658717.542,57.8,41782186208.59073,83884.24578828987,570.7207702766447,50
2025-03-14,1608477373718.186,58.71448892345534,32583592654.882656,81098.90052436228,578.7156213732173,50
2025-03-15,1665725559905.8198,57.89,28571483950.074646,83971.70916064628,586.9702499764328,50
2025-03-16,1674173293916.4658,58.58711993614756,10761796127.312485,84391.69087647168,618.7666348359702,75
2025-03-17,1638672153483.722,58.53,21638031633.118767,82610.61750343916,602.0153495286127,50
2025-03-18,1667799227887.438,58.63469282243155,19659366246.596867,84075.36559694471,630.4469540119447,75
2025-03-19,1642578274105.806,58.68,24557570268.85276,82780.03048688271,628.6214098323479,50
2025-03-20,1721565138141.278,58.41059926805834,33871216993.304657,86815.44109470697,619.5659214134856,50
2025-03-21,1672550706502.8184,59.82,27579127651.06656,84270.84358966233,630.2183910262637,25
2025-03-22,1666749159154.2927,58.42862481372095,18091004975.919056,84009.532917822,634.6156759206938,50
2025-03-23,1662574363663.653,58.54,7771134681.982918,83793.30854192551,626.1359464582463,50
2025-03-24,1702009594329.4495,58.491701775151824,12617587530.619724,85787.70914901773,622.808568853935,50
2025-03-25,1732715331970.134,58.7,27270889835.1835,87327.72969669085,635.8154787603806,50
2025-03-26,1735368473904.4885,58.36888838167369,30351832942.705593,87520.58391530563,630.3112214019164,50
2025-03-27,1724854479045.6724,59.41,25522877558.700558,86960.8555491039,617.8855000907927,50
2025-03-28,1729729987159.4822,58.624120433282435,24620445368.489468,87227.27158032371,637.6132125269871,75
2025-03-29,1673182800974.1038,61.04,31674486232.097313,84359.46915506005,619.5224559274657,25
2025-03-30,1640665503855.1438,59.15754814073249,16837439419.924389,82679.17255385047,604.0434442333641,50
2025-03-31,1633996304187.2593,62.8,13428975108.070734,82356.38111183756,601.4706478405623,25
2025-04-01,1635076581047.3545,59.10424266846043,30326148749.91535,82514.09365397849,605.503011770793,50
2025-04-02,1690602036035.04,61.03,29172899851.734768,85237.5876052852,611.0283776490112,25
2025-04-03,1637358764747.381,59.7408923869709,46332905657.77597,82526.4221526433,589.8692678191657,50
2025-04-04,1652537223074.958,60.05,36594464539.14662,83163.98757387721,592.4642522121785,25
2025-04-05,1664234880198.049,59.80776401178347,35647289400.47406,83852.00765399594,597.7592047746326,75
2025-04-06,1656020067997.187,59.48,14910400035.531416,83595.88550177493,594.0888077893536,50
2025-04-07,1555325260787.2627,60.53128210793932,36140377231.68329,78211.48358199988,554.4379559214581,75
2025-04-08,1581407565278.352,58.86,82909748172.59216,79179.29226757778,554.1601019762941,50
2025-04-09,1515042499757.3254,60.42176907093828,47812787635.22632,76329.090356324,553.3962669418149,50
2025-04-10,1640567909122.172,56.52,87408220482.11568,82622.17029546302,582.2597810033054,75
2025-04-11,1580023209138.0547,60.259247011193196,41213520154.25157,79596.35732250768,577.2921769307156,50
2025-04-12,1655868880454.1702,60.16,39813566443.76779,83439.28818043756,586.1297244063287,50
2025-04-13,1693600655371.0874,60.40536168760235,22428929482.069122,85305.09728392666,596.9496743252538,50
2025-04-14,1658923208081.8682,58.87,28731125717.934357,83600.82010054543,583.6441112439634,75
2025-04-15,1677843510120.269,60.688689965533804,33155578229.343513,84523.4524914945,584.5130373558429,25
2025-04-16,1660749023283.0562,62.43,25084671427.622566,83656.49248858042,579.7117342988385,25
2025-04-17,1670497569762.047,61.01007619668154,26948109141.803364,84105.77942167096,582.9884895445316,25
2025-04-18,1686226810049.1836,60.84,19323821375.14309,84930.90857600998,590.1449424870344,50
2025-04-19,1676373197914.5117,60.81714861196895,9550691272.782005,84433.75017215389,591.7558249048697,50
2025-04-20,1690090596771.3958,60.4,12635983530.804455,85126.66244301842,592.1191922418601,50
2025-04-21,1689008667806.3804,60.750863810098146,12625843856.313684,85073.16544858096,592.9015532596577,25
2025-04-22,1735703747771.06,61.26,40070025414.28289,87452.04699068287,596.742721454172,50
2025-04-23,1858587811717.8286,61.599258796674626,53841992235.36636,93576.16588573981,617.6497009116878,50
2025-04-24,1858660302322.256,61.19,39901515879.65954,93605.45230873208,606.1742820090113,50
2025-04-25,1864298110563.3408,61.28586603232724,30031246761.093452,93872.81422867288,602.1970676660677,50
2025-04-26,1882121595175.8462,60.5,39336184715.04292,94773.11200643536,600.1913883958081,50
2025-04-27,1879131951239.1846,61.137863948643,15445392739.787264,94644.06637120107,607.8085377229048,50
2025-04-28,1862772247122.064,60.91,15926259371.057959,93809.33781968223,603.5371460135477,50
2025-04-29,1887067388174.3481,61.29472940946372,31913814736.53902,95030.60645474444,606.1285517158251,50
2025-04-30,1870818389258.4038,61.47,25882629766.278946,94256.35946318062,600.5889575399475,50
2025-05-01,1871350362569.0933,61.33796881380894,26541700309.366146,94235.75331048167,599.6302002732988,50
2025-05-02,1914884389769.3945,60.7,30207566405.468834,96426.94522273027,599.5796914410877,50
2025-05-03,1923251765866.1472,61.602046619786485,23276376191.483967,96855.5681343944,601.3244678537958,25
2025-05-04,1904894886394.57,62.18,13797554863.642815,95922.86842404422,599.2468842902798,25
2025-05-05,1872812442453.0322,61.62467656106726,14903122945.616686,94326.62048529249,585.8899216562841,50
2025-05-06,1882511286487.958,61.24,24086456278.203846,94758.8237105546,597.9661578698278,50
2025-05-07,1923643840814.599,62.19604109125329,23348052607.071873,96854.53198815876,603.0175211984405,50
2025-05-08,1927134557858.269,62.18,64376174032.08048,97026.49376966801,603.144369158166,50
2025-05-09,2047883753852.6929,61.27785260761536,50020047720.65604,103076.27555512934,628.2798237375861,50
2025-05-10,2045046445523.5242,60.48,40800894903.23446,102962.54045692299,666.6606824091106,75
2025-05-11,2077132539531.3464,59.43943268892477,21558992540.042442,104630.8792994166,662.3379085253329,75
2025-05-12,2065659960471.3655,59.28,27389436049.454792,103994.061616746,650.8664613901699,75
2025-05-13,2044347271866.1707,59.493313077230525,43090605819.36596,102876.8304286011,660.9533536861077,75
2025-05-14,2069356072124.024,58.57,33861432519.50822,104184.49039270742,666.2402578411695,75
2025-05-15,2057798367292.5637,59.4302242565347,28398245846.798244,103594.42575090709,651.6490150180347,75
2025-05-16,2060142559914.034,59.05,31823340473.339912,103708.85136423641,651.1362648113163,75
2025-05-17,2057725640290.0767,60.184861442341806,25887953182.14765,103556.03493982446,647.3412018782846,50
2025-05-18,2050318521477.805,60.9,18950056010.479057,103212.36483885496,639.5979769763185,25
2025-05-19,2104889720872.8306,60.488621709449895,30744060179.802963,106030.6376831359,649.3806686821907,25
2025-05-20,2098485415895.0496,58.9,43339734153.75087,105629.41580436694,651.0389804540937,50
2025-05-21,2121778617273.821,60.94548515629933,36393687094.25122,106786.71995834043,650.951301036078,25
2025-05-22,2178838967665.505,59.27,60722883113.84,109665.86371625263,674.7138326551593,50
2025-05-23,2214712145787.249,60.74585513900814,52218408239.45193,111560.356938144,686.0302393255067,25
2025-05-24,2131595896624.4407,62.89,49251745837.96465,107216.66856870624,655.3681110510369,25
2025-05-25,2142540077685.2197,60.99013858622968,27128230116.517162,107831.36374380375,667.9647953294073,50
2025-05-26,2163072841533.6133,62.06,29652659665.048733,108861.81037744327,670.0121393931087,25
2025-05-27,2173059855839.4187,61.196495028445774,27950577137.918888,109377.71513263129,673.7837605333261,25
2025-05-28,2167551887130.0073,60.83,38978783508.88622,109068.45694901445,687.4363026293119,50
2025-05-29,2143342706888.307,60.67058099035597,29794278037.284946,107838.18431100152,687.631059296252,25
2025-05-30,2101348752694.3137,61.81,38279231892.56757,105745.41660358038,675.4110812815895,25
2025-05-31,2066830946978.0637,61.24990976696093,39680060337.610214,104010.91956242644,656.2031380761879,75
2025-06-01,2080467809295.7695,62.94,20432694555.09522,104687.50742934884,658.5726942750157,25
2025-06-02,2101178071590.9749,61.40179954627695,17721500507.53389,105710.00593822816,661.3452261434389,50
2025-06-03,2104229403094.936,62.26,26313843058.73954,105884.74263221149,666.0561104906627,25
2025-06-04,2095294001281.4797,61.03965800165885,25925661121.080395,105434.47745144971,661.17332497159,50
2025-06-05,2083148839111.2068,61.51,25812143562.797962,104812.9182188067,663.70338541173,50
2025-06-06,2020294099992.3677,61.468200984141575,39711941132.0234,101650.7387545425,634.1479715861758,50
2025-06-07,2075175500201.4253,61.76,29897390978.090103,104409.74967959142,643.7566841456504,50
2025-06-08,2100553336902.5076,61.53423609600579,17749731308.73042,105681.4546141758,650.7937997932994,75
2025-06-09,2100654769399.4705,60.8,16044679696.270103,105692.24740699006,652.274428548494,50
2025-06-10,2191877481230.9468,61.47401288383777,38222993297.50514,110261.57485948496,666.3374143222443,50
2025-06-11,2189350055406.3333,60.32,36303839182.734825,110212.73252109604,673.4760595844963,50
2025-06-12,2159529375273.4956,60.940710617899164,30338936631.626648,108679.9760916168,667.7388930109494,50
2025-06-13,2107911943768.2988,63.21,35865159511.38857,105979.22902375912,656.4804964003403,25
2025-06-14,2107973087547.7922,61.53875253738161,49471015505.74361,106045.56440819203,654.9095462616511,50
2025-06-15,2097486541223.27,64.07,17916412455.866283,105482.90611628917,645.8086677048335,25
2025-06-16,2098499110552.6216,61.5591375252115,16568441852.649668,105554.49383061715,648.2042600997396,50
2025-06-17,2127895470544.7178,61.0,32095957011.724205,106951.2720181497,651.4813571171453,50
2025-06-18,2080968120976.949,61.73022421961186,38603212010.889435,104683.42479835715,648.799470473488,25
2025-06-19,2081677732261.6853,61.63,30339326410.154945,104722.695052907,643.7728727892951,50
2025-06-20,2081355279873.408,61.7081922673478,18063282658.152298,104690.65002458123,644.3626647131019,75
2025-06-21,2054120245608.2085,63.71,30632751225.407444,103290.105144757,641.4660754156638,25
2025-06-22,2017415966695.5278,62.09596577175023,21644463198.719532,101532.5683847329,626.5687672231079,75
2025-06-23,2005179769771.7349,65.56,51287142390.02526,100852.58264648831,615.9200839908369,25
2025-06-24,2097741233586.5918,62.20285848568597,50011797128.6837,105511.62437933135,640.2543180324582,25
2025-06-25,2107110352429.8032,61.7,31704641076.941063,105976.06929808448,643.4133640920619,50
2025-06-26,2132141147369.0017,62.56308883763975,30468274982.034847,107238.53045016268,645.8665732235779,50
2025-06-27,2127292099754.93,62.98,24320699663.15122,106984.01253775663,642.4572030728536,25
2025-06-28,2129020567385.9595,62.687269612742014,25194306261.888832,107078.91560644074,645.9995550778237,75
2025-06-29,2134239999929.6584,62.47,8960877693.57604,107331.58548463577,648.766805209224,50
2025-06-30,2155183166489.813,62.26730178508225,14881078675.366829,108396.61631317894,655.0764136195659,75
2025-07-01,2130471589191.581,62.34,22489515582.41552,107132.79910701896,657.0109566115938,50
2025-07-02,2100087563077.9324,62.3748749081683,25033160828.30909,105613.39974163055,646.1777891600059,50
2025-07-03,2163835371770.0977,61.14,36395184773.06136,108824.44423167943,660.0254823640146,75
2025-07-04,2179664531219.9346,62.92701821691943,29892049537.628605,109602.20483914016,663.0154690088326,50
2025-07-05,2148601712907.3433,63.71,24248906784.57383,108040.8919400104,653.1616270479346,25
2025-07-06,2152344091389.654,63.134714518147504,10042942280.966904,108217.46849992426,655.9253698398683,50
2025-07-07,2171497503296.0474,62.73,14638669497.351297,109215.19771840284,663.0185149322261,50
2025-07-08,2153777588647.4504,62.98270728358788,25493246475.80407,108300.71675785031,661.2876967099644,50
2025-07-09,2167049398056.7417,62.86,20488865138.27645,108953.19187727802,660.7042150664093,50
2025-07-10,2215210888568.426,62.71826591846287,37078460440.66385,111327.53054245669,669.2613994307441,25
2025-07-11,2303292356999.7437,58.66,56204086624.04028,115879.65030112496,685.1054482111715,75
2025-07-12,2338612196961.7437,62.52244302766531,64185145923.88688,117571.02510036016,689.8418420972016,75
2025-07-13,2335485977830.673,57.99,24351256098.393543,117418.95745007684,685.4703165458919,75
2025-07-14,2369050366835.5605,62.524697203208845,27310851454.97692,119117.55666327637,692.0429275667424,50
2025-07-15,2383825813673.847,64.43,68915956378.80447,119833.67446712355,689.3152771073793,25
2025-07-16,2341223394839.9204,61.61818381807823,80299520980.2335,117678.19493404306,689.863427315096,75
2025-07-17,2363194640209.576,60.98,50374263848.76278,118748.1627367753,708.5580809732663,75
2025-07-18,2376237382764.3013,60.292216113394325,49282617205.72662,119445.36520434043,722.3981283678474,25
2025-07-19,2347165317624.536,60.36,58896449260.69391,117988.94664455787,729.5149107763856,75
2025-07-20,2345398337785.541,59.57737644489895,23934511126.349533,117901.62655900871,732.9272514055848,25
2025-07-21,2333757287859.664,59.25,36702153882.06748,117256.9208222684,758.1392224608369,75
2025-07-22,2337365497467.1313,58.540963471931484,46344384345.39471,117482.46977767294,766.3958790528078,75
2025-07-23,2387516761560.4927,58.95,58939000420.94166,119955.79570607653,786.4807204757146,75
2025-07-24,2359931875300.5244,59.826752511142175,45225685167.61703,118629.05588130427,776.2226902262614,75
2025-07-25,2354764508342.9937,59.47,51940414419.3327,118354.43517438594,771.2312622168195,50
2025-07-26,2338855554998.7812,59.39963065806276,91617702596.10347,117540.80837085741,784.7856013546323,50
2025-07-27,2346959472845.027,58.36,25145925063.881348,117959.54234360624,794.2867236239222,75
2025-07-28,2376524838793.0137,59.06302631496266,30220402191.467663,119418.91405141471,843.449638843771,50
2025-07-29,2349472897426.4688,59.72,43433742203.62158,118003.30201607826,822.2765976915088,25
2025-07-30,2345126504020.1143,59.494069300889954,42860287143.68828,117853.30892863822,805.1438193193468,50
2025-07-31,2343717963709.7124,59.74,43054424656.58649,117833.24087995925,793.8734614175534,50
2025-08-01,2302199162425.1206,59.74068922944987,45238249453.35885,115700.00243915782,783.0023910772859,50
2025-08-02,2253609880959.403,61.31,65794680822.25255,113234.6051343189,756.4574114847068,25
2025-08-03,2240413983638.112,60.55733552009611,33543439044.09785,112554.90232221723,736.6587769385911,25
2025-08-04,2272802075267.0376,60.94,24689273719.085533,114199.10966460757,751.4001548118117,25
2025-08-05,2292395156144.1514,59.558506361827426,32488023582.82734,115138.68613070177,768.5544340737234,50
2025-08-06,2271583255077.356,60.13,37316213251.97167,114128.35408881678,754.7878000846929,50
2025-08-07,2289295036528.6577,59.699774003992424,32052509631.058872,115022.09576830892,769.8555506826906,50
2025-08-08,2337732858703.5435,57.8,38289687095.00489,117463.47451085235,787.1948285374559,75
2025-08-09,2323026541073.3213,58.56218544976696,33017415812.97353,116688.36663186055,793.1777287850201,75
2025-08-10,2318815857401.68,57.89,27638785406.21056,116510.08393213755,799.1991047067497,75
2025-08-11,2374097296837.8896,58.45806124203661,37157754754.85189,119266.92516880555,804.8956334719561,75
2025-08-12,2364060561672.9995,60.04,61739781527.95854,118773.79960860992,806.8312185132748,50
2025-08-13,2392854421745.6157,57.76211914125966,46941089789.57991,120202.53485503166,834.446637547768,75
2025-08-14,2458895200752.567,57.49,61818118105.53991,123560.99363577305,849.5528663342336,75
2025-08-15,2360043737045.272,57.783100034413,73822008367.99681,118405.59579823953,842.2643191559952,50
2025-08-16,2335290383260.173,58.58,44268714220.021,117339.79190213277,827.2916811192079,50
2025-08-17,2339465736068.208,57.696557639066505,23202714236.542347,117501.21653394958,839.0566611983465,50
2025-08-18,2340648324181.828,58.15,20906566026.645443,117542.83687778088,856.9424560582937,50
2025-08-19,2313556987528.4634,57.792308181889894,47337926940.98573,116256.41276740946,848.2298792758197,75
2025-08-20,2245419916215.7417,58.9,46156885037.403885,112778.34483555844,823.4566682430556,25
2025-08-21,2274471285844.184,57.37135223430316,42166369117.006935,114252.39755195397,870.0388548973078,50
2025-08-22,2238121481749.57,58.03,32048202090.65466,112414.39987336512,838.3671602294102,50
2025-08-23,2326174803320.612,56.407432373183674,50878158870.82928,116834.24948202295,899.0447590707095,75
2025-08-24,2296786080139.701,56.93,27306719885.257973,115359.98346714744,880.2145462822662,50
2025-08-25,2259663171125.389,56.003531353316646,40682656776.69001,113399.54847314971,876.0729413672346,75
2025-08-26,2194453712375.598,58.3,52854872363.936554,110185.35443900425,840.2868104582814,50
2025-08-27,2227025695775.593,56.32008559281707,43023800053.0546,111842.70999260596,864.1213024474413,75
2025-08-28,2215255294289.9937,56.59,36957904262.995804,111216.08479629169,856.0552312979237,50
2025-08-29,2239422945686.892,56.30276697264911,34222495087.206894,112525.59740669793,874.7487534677291,75
2025-08-30,2160278651486.2852,57.78,51702115726.38959,108480.30666639366,863.6575485254209,25
2025-08-31,2166165747945.1812,56.179865825486566,27799981330.792213,108781.95727925687,861.923469050824,50
2025-09-01,2155694976689.5986,57.85,26140904019.246822,108253.36092385623,857.819601972643,25
2025-09-02,2174100506466.4321,56.60033802457038,42999610648.39302,109162.68557992298,845.916487927506,75
2025-09-03,2212595221503.454,55.9,50235464642.845955,111190.18209845416,851.6937445280856,50
2025-09-04,2225365905592.233,56.29401796788554,36406080683.42747,111711.51977725117,855.1110256828161,50
2025-09-05,2204051936301.3257,56.57,38708366685.43147,110724.736377486,843.6735934362805,50
2025-09-06,2204045604630.5625,56.47714805434105,56020470627.40665,110662.18112628513,849.7184902459278,75
2025-09-07,2195288669199.568,56.63,19340758702.076332,110209.1888247784,861.6639369838142,50
2025-09-08,2213764479139.3647,56.30553495114463,22147049159.335133,111131.9923868407,881.3845363246559,75
2025-09-09,2231763512226.867,56.17,37159847899.8603,112025.12878118771,878.2339242329539,50
2025-09-10,2222026777598.0474,56.058622154535634,45338021458.38368,111547.43956434788,879.833817211316,50
2025-09-11,2270241314652.7144,55.41,52205187155.05567,113975.32489468766,893.578793274879,50
2025-09-12,2299764311655.674,56.09760275889766,43752917632.95067,115503.16663193036,902.876846974473,50
2025-09-13,2314347371939.946,54.93,51192951485.864395,116160.14344594491,925.1660418381477,75
2025-09-14,2310166037871.29,55.36927652736355,30063858747.76022,115970.58488443034,933.8971704994946,75
2025-09-15,2297459118244.424,55.43,26889399414.610912,115373.55555886829,926.8412817390542,50
2025-09-16,2297977599504.5527,55.97902109851828,46947581231.08198,115397.25272727509,919.2250351484705,50
2025-09-17,2325326932460.9644,55.67,39964451595.099724,116762.8496864193,955.3487499241552,50
2025-09-18,2321583680138.891,55.58653016327286,54740952295.37868,116455.94648225319,991.3973181432295,50
2025-09-19,2333705338232.097,55.71,43642467075.25838,117145.49508952006,982.076570691383,50
2025-09-20,2303469041668.8,55.84398180748571,34296721252.33001,115655.81046441344,982.6879738189483,50
2025-09-21,2305371926506.302,56.53,18774953731.290394,115715.51536781774,1042.406078066426,25
2025-09-22,2297332085237.645,55.77784771015276,18659113982.495464,115304.47999407038,1048.5649851048527,50
2025-09-23,2245929069310.8535,56.16,69152342029.46799,112696.74101711863,992.3881905006706,50
2025-09-24,2232693472656.6514,56.329587396714544,46154878824.043465,112022.16587861195,1017.4645009307637,50
2025-09-25,2257741194218.8286,56.27,46677543220.334526,113320.56908541008,1018.067792712729,50
2025-09-26,2171950311711.4429,56.90242100979779,74481796351.47305,108963.53013595635,944.4003758447785,25
2025-09-27,2185866776171.5464,56.2,55257214020.568245,109710.20874667744,960.6805874196078,50
2025-09-28,2185203231301.0562,56.37774534452663,23294896964.31016,109654.81021075726,968.6806715896132,50
2025-09-29,2235798877396.134,55.02,31274654338.51212,112142.57362752674,993.2079048442275,50
2025-09-30,2278362523594.3135,56.630951925184824,57833295882.65785,114309.15041119447,1030.030963111487,50
2025-10-01,2272137555069.4507,56.44,57718901820.70616,114024.22783550054,1008.9225311714104,50
2025-10-02,2359569556068.08,56.852973240436945,69920179085.4708,118503.24451752483,1025.8187850123247,50
2025-10-03,2399524207991.5527,56.57,71252850672.75252,120611.71911591051,1090.3115640663682,50
2025-10-04,2436956902844.7153,56.69795696938438,83155430408.51796,122250.15186842803,1190.0540938314145,50
2025-10-05,2438832157552.7866,55.8,35161626561.80918,122380.93708463266,1149.536376093483,50
2025-10-06,2461221856764.1885,57.17905085714955,72011486031.26575,123506.18520027678,1165.4778023162069,25
2025-10-07,2486073086655.2866,54.49,69605991064.72382,124773.50823074432,1224.574210222444,75
2025-10-08,2421938444026.2783,56.89660654910671,76087884719.80028,121518.75593575071,1311.712914691701,50
2025-10-09,2459003621170.118,56.89,62576032795.36722,123352.50487523204,1306.4812320510532,50
2025-10-10,2423288659157.484,57.14329332336485,72097306668.91356,121698.03066778315,1255.8786646242372,50
2025-10-11,2265659827789.9917,62.31,151002213089.8765,113201.74064138904,1110.8141755974673,25
2025-10-12,2211404015103.109,58.38698309791509,108643865752.17674,110853.11663883903,1138.1246823442061,25
2025-10-13,2294724465036.9785,55.65,93857100744.12454,115189.5714637257,1298.7908005975073,75
2025-10-14,2296863527017.9863,56.840225430105065,68935270367.04033,115222.28302116522,1293.0722313476617,25
2025-10-15,2257545230986.0146,56.41,91211854988.91518,113156.56943826913,1212.283351974494,50
2025-10-16,2207742082237.0483,57.29253612982793,68877328886.40259,110708.66960879423,1161.734804798178,50
2025-10-17,2154964541836.455,58.87,84773160808.27399,108076.72862033188,1143.731369922843,25
2025-10-18,2123017949517.1426,57.42018900518765,94325236794.78163,106443.61194984635,1071.5486432574182,75
2025-10-19,2135575517405.9185,59.16,34412835719.61292,107156.00337647724,1092.456873698318,50
2025-10-20,2165367850075.0042,57.15262888199507,45373692612.394394,108621.134857428,1109.7463758132928,25
2025-10-21,2205571381112.93,57.68,60452111148.140076,110608.5714932665,1100.594219041398,50
2025-10-22,2162410619417.9114,57.5637683298234,105841401713.00197,108486.10262716639,1057.8502060144851,25
2025-10-23,2145773248654.6448,58.01,83996418125.93103,107618.4266715404,1071.3354220022431,50
2025-10-24,2193901841033.9053,57.88058135901293,56192643013.57058,110048.51827291629,1127.358071433892,50
2025-10-25,2213306367536.756,58.06,49120903424.344864,110997.80437129698,1109.178393744721,50
2025-10-26,2224861052775.0015,57.7186074525291,23214874411.212166,111620.3093731354,1116.6415202338756,75
2025-10-27,2283691326423.212,54.37,42483268634.18711,114476.01227508577,1136.879092448019,75
2025-10-28,2276235094681.6714,57.7702966824194,63764801510.65889,114182.79442806762,1140.4846092726004,50
2025-10-29,2254003248725.4917,59.05,66299512352.17796,112950.34863259472,1103.595300080196,25
2025-10-30,2194746293754.542,57.554928133601216,64235327509.05742,110046.66925837283,1106.7871126244677,50
2025-10-31,2157803742876.0747,61.81,72648897659.94229,108240.76528725718,1078.7188521029816,25
2025-11-01,2185193896779.3408,57.8738487637413,58800487940.5146,109573.90555629115,1088.7331766998475,50
2025-11-02,2194075979770.0623,60.41,24938475577.849922,110014.13556776087,1094.4541628666802,25
2025-11-03,2201849942058.28,57.7307523260242,35098774843.7742,110650.2092823146,1083.698416513334,25
2025-11-04,2123664079961.7026,59.29,75068433317.86293,106521.08673825761,992.195531851008,25
2025-11-05,2026091188341.184,58.675555963531366,108965721650.60309,101635.2740227234,938.891751599157,50
2025-11-06,2073000557933.8025,57.28,77083907216.62631,103877.95965955159,959.9701458776641,50
2025-11-07,2019147576692.263,58.33085767500389,64118217249.57436,101322.6402945857,948.6793778409456,75
2025-11-08,2063021740892.1375,57.6,93627003785.31018,103396.084215925,990.5899790534177,50
2025-11-09,2039995976869.1492,57.73172348718639,51095924202.31797,102290.13714655167,989.8862403988059,75
2025-11-10,2086419359800.0503,57.63,59952468437.71812,104709.67861656273,996.308790029525,50
2025-11-11,2112747067951.9028,57.64157234643208,67546556819.52642,105909.07272321742,991.3653787289568,75
2025-11-12,2053215927640.825,59.02,71008299178.73956,102960.77564500563,957.149279725558,50
2025-11-13,2025837265459.7573,57.586504480832026,63332414142.58827,101521.70859453593,952.9170115918621,50
2025-11-14,1996168972711.9963,57.96,100463341916.4732,99730.4533956204,927.1219876913323,50
2025-11-15,1891799949910.1116,57.492177493670596,113198323665.38873,94456.39368235337,917.7022398201406,50
2025-11-16,1905234340631.9912,57.5,39062120798.23745,95508.31019889197,931.9743286141038,50
2025-11-17,1883240679702.7427,57.37639680935121,72645149972.7847,94411.32947182967,928.5079796470696,50
2025-11-18,1835458818945.8962,59.36,95794596045.06412,92036.7255045672,906.7197811831101,25
2025-11-19,1851234710246.605,56.6532196732498,103837258806.01602,92819.75921500899,932.0597430569885,75
2025-11-20,1820062799702.324,56.88,82897875507.45229,91363.27838693369,894.7896141305321,50
2025-11-21,1731258563683.1287,56.703090378785234,99171039191.1295,86649.97257918229,866.7212975475668,75
2025-11-22,1697723941246.0479,61.22,135093457122.46469,85051.8019295002,831.1648478578168,25
2025-11-23,1690556523055.809,56.75616534360706,42644968955.2184,84682.62429147748,833.4782529297297,50
2025-11-24,1732233225777.4016,55.05,60446592409.29218,86783.84766839583,843.0327408998495,75
2025-11-25,1761564072532.238,56.540024604539155,77606296173.43544,88229.35740719768,864.3540154398011,75
2025-11-26,1742162762885.542,56.29,67956444142.18749,87310.33159950442,861.9171451304046,50
2025-11-27,1806439309544.997,56.709610520276414,69690430587.90018,90474.22677969698,891.7232823713881,50
2025-11-28,1821778517479.9226,57.11,59295194347.668594,91279.06057176423,895.3979231885241,50
2025-11-29,1814919896425.4082,57.01523479327568,62833195066.53989,90950.37695910994,887.5558493593282,75
2025-11-30,1812771321410.9438,56.99,39253888201.69327,90841.45258193677,873.7626867754427,50
2025-12-01,1807818977105.3909,57.25904470566776,40334819409.843475,90406.28448571145,877.7990241108373,25
2025-12-02,1723547230444.7913,57.44,92988982967.24597,86281.49519776918,827.4880333310571,50
2025-12-03,1824843161126.1372,57.384669389169105,83138039128.81346,91344.73275150165,876.7469880502844,25
2025-12-04,1868050658597.6572,56.76,81429135004.88295,93619.43750817103,922.3452824680271,50
2025-12-05,1839369557445.9072,57.209969278944975,67878296355.02588,92140.70419795791,900.2311130891073,50
2025-12-06,1782798987370.1692,58.83,50193142876.74388,89307.09154512963,883.6707054897142,25
2025-12-07,1781194798199.8435,56.9151422366806,24818678152.49986,89244.7620814118,890.2442866831284,50
2025-12-08,1799656690088.5503,57.65,33912893266.90874,90162.90714007126,892.8659344513236,50
2025-12-09,1808394676576.639,56.92478888098971,45466493941.40448,90618.0535204608,897.4003709684328,50
2025-12-10,1852116289106.247,55.52,54575121853.64529,92723.21372069631,899.4035882994448,75
2025-12-11,1837321739746.956,56.75540721842405,52189659395.756485,92005.13714957413,894.4021116794611,50
2025-12-12,1848922166365.7808,55.93,53232377699.408394,92494.17691640415,885.6320356392306,75
2025-12-13,1803244893514.8884,57.125969369061316,67750393558.62937,90307.26028567803,882.1612967807799,75
2025-12-14,1801496999571.6902,56.79,35222775785.402145,90257.4292885891,897.3110444563038,50
2025-12-15,1761380944797.1238,56.75510587648641,33808538697.042442,88230.77409367911,878.3885175348196,50
2025-12-16,1724624039059.303,58.92,50630498834.055145,86413.9190195637,858.4116623377057,25
2025-12-17,1751373602587.6565,57.001711404814856,48317754254.70281,87821.88919109134,874.6720838564994,25
2025-12-18,1718491930388.8372,57.53,48886793507.656334,86064.94716216,842.7888780335543,50
2025-12-19,1704341132953.6216,57.41642264568165,58649139178.511856,85450.3312009302,829.1719378700606,25
2025-12-20,1759398134896.644,56.14,51932451056.500565,88103.86075721023,855.957117266356,50
2025-12-21,1762805314679.9844,57.23870733406123,17103607834.780054,88347.94310567998,853.5635263159346,50
2025-12-22,1768920028841.514,55.29,22541294542.323105,88577.42038358838,857.8618459584029,75
2025-12-23,1767081210842.8062,57.32040433787059,41948947368.210236,88491.12020788102,858.018474136862,75
2025-12-24,1745209464473.6252,57.28,46353794741.509995,87406.43636737975,843.9156558740143,50
2025-12-25,1749379166231.2852,57.459697638205235,29100645180.040016,87642.60888119951,846.6127954902438,50
2025-12-26,1741491085115.601,57.35,22773603342.32636,87229.78066010943,828.8695540284072,50
2025-12-27,1743187621561.159,57.507756861326655,47130449135.786705,87305.95655961394,834.3408283262127,25
2025-12-28,1753375412209.345,56.74,15670944599.660688,87807.003210775,844.6780493960856,50
2025-12-29,1753595375313.038,57.26899517524443,17428479525.19913,87822.90829076794,858.791572988669,25
2025-12-30,1739794323451.9631,57.03,53957962807.988785,87156.56266080117,851.1900442578194,50
2025-12-31,1765833387995.6162,57.440506200279785,39734225800.079216,88414.62856073362,860.3384247437768,50
2026-01-01,1747837206254.3643,56.84,37245075349.02766,87520.18048742875,863.1574666286001,50
2026-01-02,1771365149347.3962,57.32182160429928,21163124465.205833,88727.67004249741,862.9202786806326,50
2026-01-03,1795890115524.7178,56.12,50705395175.73333,89926.27924953419,880.5981987516783,75
2026-01-04,1809211438368.9963,56.95112707845179,23480735292.761147,90593.85443180417,878.7329288702774,50
2026-01-05,1824986876689.233,55.18,31050236622.948975,91373.21588108438,894.4508344273104,75
2026-01-06,1876558232963.0544,56.911714095594824,59451605754.8414,93926.7956485658,910.9079403595276,50
2026-01-07,1870043996457.1855,56.47,57439451725.50999,93666.86387314305,917.6345878314794,50
2026-01-08,1822220317807.3809,56.66804303725983,47910812257.04945,91257.15544035907,899.3115791273906,50
2026-01-09,1817249307661.4592,56.18,48319133568.469185,90983.51578142625,891.5992569838319,75
2026-01-10,1807784901284.322,56.90287052911051,43664879516.319695,90504.89560340019,895.5121731855866,50
2026-01-11,1806483854865.5005,57.26,13961660357.407768,90442.01907847001,906.6887224157771,50
2026-01-12,1814078415941.0112,56.861903780091595,19870776213.774654,90819.36598904192,902.7664964152219,25
2026-01-13,1820530763450.6675,56.71,46923085427.627655,91134.96917951507,905.5295124491013,50
2026-01-14,1902289955573.257,56.99344822157029,66844465446.74208,95260.4422971001,942.4122356291538,50
2026-01-15,1938292963237.8118,56.26,68433627980.993996,97007.78078881276,949.0987145957889,50
2026-01-16,1909227332523.1567,57.467686382928775,59629891835.2242,95584.82797878512,930.8892064404015,25
2026-01-17,1907673016263.0132,58.04,37208122951.606445,95516.07771987123,937.687896295784,25
2026-01-18,1899912876486.1714,57.33031418468792,17839431205.011776,95099.53192554631,946.9959081738135,50
2026-01-19,1874976961280.7039,58.32,23132534225.645782,93752.70577188236,933.8079144307845,25
2026-01-20,1849232162887.1968,57.454365768763246,43338958368.50777,92558.46334372147,922.3076030339913,50
2026-01-21,1764030499464.2656,59.1,60578606228.98298,88312.84053255555,884.4648847958442,25
2026-01-22,1785123532735.0352,57.41267016847159,62357735672.95213,89354.34377512129,882.3554922284878,25
2026-01-23,1787014846080.977,57.71,39301750755.698135,89443.39744146909,886.8801866366052,50
2026-01-24,1786292506432.339,57.46801367215666,43393369570.58639,89412.39849953113,890.5047011445338,50
2026-01-25,1781979789713.3386,57.92,16537403154.850498,89170.87364531498,886.0721909071814,50
2026-01-26,1731460015137.4014,57.612696627775264,39912523619.12114,86548.32213469829,864.4439519225823,50
2026-01-27,1764540020523.9114,57.1,50644433646.50017,88307.8612070438,878.6274796967367,50
2026-01-28,1782508769730.2656,57.29924647119956,43778458930.62677,89204.22239644526,897.6724320123695,75
2026-01-29,1781310220302.3276,57.37,45893249753.273575,89162.09701574955,901.2090745596357,50
2026-01-30,1689639802554.1016,57.0744988700826,70962598615.0189,84570.40906135936,867.7347946909455,50
2026-01-31,1680807873673.8472,56.61,79515463845.849,84141.77856967277,857.3699420639612,50
2026-02-01,1573735495563.3943,57.388683340939394,78488542272.81866,78725.85853884545,780.3315668159182,50
2026-02-02,1537520318473.685,62.1,58330740751.53287,76937.06406636834,757.9446598202101,25
2026-02-03,1573216672021.9187,57.63454401536856,84675130404.55545,78767.65815345927,775.3120806273045,50
2026-02-04,1512165605443.8088,59.23,73734215653.24066,75638.95670207398,753.6152462766961,25
2026-02-05,1463518712915.32,57.27514175003061,74109194166.40112,73172.29203248928,699.2319544532423,50
2026-02-06,1262033077144.5305,63.53,142403234254.4544,62853.69038445987,604.901963859174,25
2026-02-07,1410203662656.3728,56.99717995817506,128662818793.56021,70523.95417035831,657.306655291851,50
2026-02-08,1385532837702.3442,53.12,68978204828.46071,69296.80677355142,647.57171670411,75
2026-02-09,1411671712614.3147,57.291407305669836,42782981463.70375,70542.37329463876,641.3063396421284,75
2026-02-10,1400898153463.9268,52.61,56115089203.17752,70096.40692272567,636.158470811873,75
2026-02-11,1374149240710.2896,56.9091882329616,43014177103.90287,68779.90981269129,619.5022534339905,75
2026-02-12,1337566230010.1792,57.14,54917156057.4172,66937.58141157958,607.0100650556328,50
2026-02-13,1322855090692.983,56.344297743840755,47600564765.981926,66184.57765470445,613.5884218776979,75
2026-02-14,1376029371467.4585,56.52,43307347077.16525,68838.87490510389,618.6972942245542,50
2026-02-15,1395185595832.6794,56.39178703658906,38886730356.77217,69765.59638824302,633.314654350795,25
2026-02-16,1373546624939.8215,54.94,44139541277.476685,68716.58337486399,614.2781615559984,75
2026-02-17,1377439978226.675,56.559373139292866,36789211960.55089,68907.78353606178,626.9455367382164,25
2026-02-18,1349284955301.9707,57.25,38338996657.38213,67489.45540267964,617.5002211755236,50
2026-02-19,1327723958117.1118,56.15181444931429,36348385076.441895,66456.3537620677,604.7780192707222,50
2026-02-20,1338094580095.8176,56.33,34180839195.07364,66918.68417467622,607.1450788289527,50
2026-02-21,1358591334156.9714,56.42704137649937,53528257484.904335,67970.29403133177,625.1658113899997,50
2026-02-22,1359065859647.3735,56.32,20679811587.418015,67977.90904199042,625.9459360696097,50
2026-02-23,1350654423261.9365,56.52279038942717,20354767532.065258,67585.11718938159,614.0943323849417,25
2026-02-24,1291178509392.7466,57.34,56724400502.91585,64577.553200674425,595.841177275929,50
2026-02-25,1281148417170.2803,56.01200636719859,44864477921.16241,64074.11098528222,583.919821904656,75
2026-02-26,1358175414542.9243,54.04,54747624390.78176,67947.39185585188,628.2228200794851,75
2026-02-27,1348944333913.3765,56.14332431432009,45543276394.82464,67469.06040327046,625.9211039706134,50
2026-02-28,1317715385672.9202,57.64,43031961580.21165,65883.99096235317,613.9686612193877,25
2026-03-01,1340289147460.5789,56.31856096705729,46319353202.33809,67008.45435746174,617.5322050027751,50
2026-03-02,1314048555375.68,57.76,43467491553.81901,65713.4989891121,616.8269097979393,25
2026-03-03,1377737947309.8953,56.714102820050186,60995565405.364334,68864.03691918531,637.4936332653224,50
2026-03-04,1367228918356.8262,56.6,52704039830.20494,68321.6178484252,633.9153172943332,50
2026-03-05,1453089991035.7456,57.33645501508441,81081561357.69708,72669.7701652216,657.5355575822484,25
2026-03-06,1417652016603.2668,58.26,55313274475.72516,70874.98687140146,647.8545990969939,25
2026-03-07,1364073902597.7644,56.701685926683865,46427994894.47989,68148.28339966535,627.3743722428251,50
2026-03-08,1345067153653.0642,58.79,24588849466.218872,67271.1907777184,620.1335218839806,25
2026-03-09,1321622467264.5437,56.34380014835318,35845854760.95391,66036.15782362667,611.9500451871007,75
2026-03-10,1369955697970.065,56.19,52419546997.01177,68459.31537095344,634.3477951671313,50
2026-03-11,1397516391202.649,56.84971958554673,57031319359.51854,69883.00887579883,641.6585289358178,50
2026-03-12,1405229147518.9683,56.77,48188681300.73879,70226.818790692,651.4385570212381,50
2026-03-13,1411413242207.7595,56.91048151388382,43093376170.49169,70544.42535461926,652.3204295577726,75
2026-03-14,1419133420991.5525,57.4,62328257621.5837,70965.28228600459,656.0082976549179,50
2026-03-15,1424666372555.8494,56.89953476342239,23763781398.02588,71217.1010283798,657.9077116578025,75
2026-03-16,1453818980888.097,56.04,29137209887.5333,72681.9132538886,673.7790391797466,50
2026-03-17,1496606935787.3132,56.715841737676065,56424669615.78771,74858.14870100339,679.6057646827234,50
2026-03-18,1479034380091.9211,56.64,47796151709.5938,73926.27899152413,668.4582026519276,50
2026-03-19,1425248408811.2256,56.42527518626189,46235388353.26782,71255.86350265636,651.889478852474,50
2026-03-20,1397132369157.6367,57.09,46069506172.99344,69871.4514796119,638.9476995490274,50
2026-03-21,1411553294477.2244,56.53469884881,39288514955.56232,70552.62530009366,642.2798347520329,50
2026-03-22,1381324607061.9844,58.04,22788052215.99816,68733.54779458739,629.5885290033027,25
2026-03-23,1357220326650.4958,56.151985648850854,30380203636.611057,67848.87605821833,626.2400112141628,50
2026-03-24,1417921177640.1455,54.9,52502731112.03615,70892.82823994374,638.7006153893446,75
2026-03-25,1410852097506.246,56.48974301549915,40395077210.95709,70524.51175942823,638.2722605721722,50
2026-03-26,1426722276575.147,56.55,36566429238.80042,71309.26403856269,647.3180223384383,50
2026-03-27,1375963897395.8403,56.44431621003402,52234708975.603966,68791.11093800364,628.9190223638835,50
2026-03-28,1326110397917.7085,58.08,48874426380.128494,66321.016242762,613.1713620815611,25
2026-03-29,1326978316239.483,55.98924442262059,23637115348.524387,66321.06539994745,610.4645237576061,75
2026-03-30,1320068534523.2778,58.44,25095464001.894596,65970.42899513361,605.6869270198512,25
2026-03-31,1334537611576.0498,56.09150020370883,37098483334.61913,66699.27436893585,608.6013327334239,25
2026-04-01,1364706648348.3545,55.65,56210727882.161446,68231.83047993251,616.7739614216982,50
2026-04-02,1362124061745.4395,56.15391789719464,46822039842.98501,68089.0553821667,610.7257387079188,50
2026-04-03,1338643103490.4976,55.56,47198627198.56218,66891.6645686824,583.2343462184504,50
2026-04-04,1339404819037.8704,56.13905242410827,26755680223.76058,66939.69121715311,588.1023061457563,75
2026-04-05,1346790078680.91,56.06,21516550336.856274,67304.24955635444,593.3737522068442,50
2026-04-06,1380583534920.1562,56.59999328974445,26416194024.766064,68985.52642694542,601.5319277415803,75
2026-04-07,1378430433268.2437,56.58,45398732027.77202,68864.23452757328,600.2118425663355,50
2026-04-08,1439691204997.3042,56.82482199151783,54821363017.72348,71975.62171045873,620.4758823184727,25
2026-04-09,1423286125223.942,57.12,42583999503.6708,71117.07713411814,601.1825872790433,50
2026-04-10,1436399827130.5452,57.10253355417936,39293023566.96442,71770.7468500515,602.7816776325137,25
2026-04-11,1460609915845.4644,56.33,38358391003.667854,72972.70823557042,605.8959543933561,50
2026-04-12,1462802384989.1692,57.17833437998245,23868132454.73879,73053.88808483821,607.4205594243359,25
2026-04-13,1415861769817.8752,57.75,30101377740.873566,70756.75105500016,592.4016532719136,25
2026-04-14,1491650187280.6667,57.22576900061803,53329034805.473694,74514.63006655,615.0582235280093,50
2026-04-15,1484804385765.1338,57.52,57684799834.52557,74181.10807228928,614.3018457281473,50
2026-04-16,1497468161198.8457,57.28707298761812,33592871494.555107,74833.50639132406,622.8075892645858,50
2026-04-17,1503597305333.8933,56.83,44500754086.976234,75149.1930221427,635.8470780970079,50
2026-04-18,1543927908120.292,57.30144405788546,64762179077.35212,77128.44334858148,643.5219619509379,50
2026-04-19,1515912560791.0652,56.89,66292316931.16393,75728.45681761758,630.3120339001613,50
2026-04-20,1478753744436.9177,57.359356677717535,62221359441.72641,73856.05501487634,616.3721959028703,50
2026-04-21,1518784350281.418,56.69,48152404105.554855,75874.54629352967,629.4702714172033,50
2026-04-22,1528459815743.431,57.64316812261603,41231756234.27609,76350.25202878818,631.9080331573377,50
2026-04-23,1566077005143.7695,58.0,49815267208.000084,78194.78334884858,637.7284506868011,50
2026-04-24,1566737928291.1943,58.16158085647262,41704798844.827675,78260.61998045091,638.77992299001,25
2026-04-25,1550504073873.627,58.36,33584952477.909107,77444.79563692068,636.4798355140537,25
2026-04-26,1553988530840.653,58.142699430138165,17276677148.502968,77619.14219872655,628.7041266428481,25
2026-04-27,1575064891879.2925,57.52,22944408006.92362,78645.12560170851,636.1188584264361,50
2026-04-28,1549702864531.718,58.214702727962134,39453767786.252846,77361.29911038803,626.6375245547653,25
2026-04-29,1528431321586.3352,57.97,32683167166.924606,76345.22521002527,624.4454757814419,50
2026-04-30,1517194764796.4153,58.0153804772641,42528290001.67072,75774.8855230121,617.1944574315557,50
2026-05-01,1528163519735.7407,57.99,31717874196.513115,76286.57710950871,615.1683640508885,50
2026-05-02,1564746221568.415,58.47718614132263,39070393404.50403,78172.07422147921,615.352721486354,50
2026-05-03,1574625317385.0962,56.59,18618912381.93079,78655.34555331903,617.8687168511913,75
2026-05-04,1573067635502.928,58.45361463876463,21884574779.755363,78562.55051754859,617.685329444655,50
2026-05-05,1598023587523.132,58.71,55780483402.17884,79823.88555955577,622.7350647297969,50
2026-05-06,1620550900862.796,58.66062921072276,41115413343.941505,80925.09365495079,630.6662352188133,50
2026-05-07,1630523861201.5588,58.47,41133090710.83387,81424.99515650333,647.7014397372362,50
2026-05-08,1602537556660.9,58.44774839268369,38385751841.67185,80022.04125006415,637.1466883728539,50
2026-05-09,1605561829780.81,57.69,34583448281.13733,80189.06503567853,648.9906144892095,50
2026-05-10,1615753832504.217,58.279352073573,19373475337.940205,80710.10719718678,647.2151491067721,25
