date,hash_rate,total_btc_supply,tx_volume_usd
2024-04-30,617535316.5382024,19691975.0,9309712608.562164
2024-05-01,578118168.6740619,19692565.625,8725783357.945253
2024-05-02,635054048.9222649,19692959.375,8551356016.181779
2024-05-03,564979119.3860149,19693356.25,5447644455.234284
2024-05-04,617535316.5382024,19693750.0,2535276294.7820964
2024-05-05,608775950.3461711,19694143.75,1613446518.3047206
2024-05-06,534321337.7139056,19694734.375,5491391681.421094
2024-05-07,534321337.7139056,19694943.75,4764574677.705591
2024-05-08,556219753.1939834,19695356.25,4826242476.1033
2024-05-09,613867438.0566123,19695750.0,4649344428.186168
2024-05-10,599332437.5790136,19696343.75,4160729596.332065
2024-05-11,657199017.7590562,19696737.5,1989012570.1560533
2024-05-12,545599184.5546882,19697153.125,1881158872.1569226
2024-05-13,607599091.8904481,19697553.125,5759327016.077168
2024-05-14,562132493.1775575,19698143.75,5418457538.779011
2024-05-15,582799128.9561441,19698537.5,8003836077.364244
2024-05-16,586932456.1118613,19698943.75,7101103820.324476
2024-05-17,640665709.1361867,19699337.5,7835288947.482639
2024-05-18,529065875.9318188,19699937.5,2349266373.133145
2024-05-19,636532381.9804695,19700337.5,3000326237.631906
2024-05-20,644799036.2919042,19700734.375,7022731812.543269
2024-05-21,570399147.4889922,19701325.0,11045188897.642183
2024-05-22,632399054.8247522,19701721.875,8214273488.198978
2024-05-23,706194547.0096976,19702131.25,9092947802.681757
2024-05-24,671140034.7624127,19702728.125,8162826585.536556
2024-05-25,671140034.7624127,19703125.0,2016644986.3119543
2024-05-26,704697036.5005332,19703718.75,3376577962.077557
2024-05-27,515938901.7236049,19704312.5,3759980652.3522434
2024-05-28,562079779.1135205,19704512.5,25126148317.408638
2024-05-29,574663654.7653158,19705103.125,6388638321.04567
2024-05-30,515938901.7236049,19705500.0,8488992411.997545
2024-05-31,620804532.1552316,19705893.75,9197804710.416952
2024-06-01,591442155.634376,19706287.5,2035171781.513369
2024-06-02,587247530.4171109,19706681.25,1639206773.6388125
2024-06-03,658556159.1106174,19707075.0,10231630580.222765
2024-06-04,562079779.1135205,19707665.625,8099405366.314405
2024-06-05,515938901.7236049,19708062.5,9970731483.523262
2024-06-06,554910858.050012,19708456.25,7566456857.2989645
2024-06-07,590944002.9609013,19708850.0,9046106615.578749
2024-06-08,715791327.5301057,19709243.75,3010368337.856259
2024-06-09,636721355.302943,19709834.375,1356745169.9412165
2024-06-10,578459270.5039809,19710425.0,7071634843.4280405
2024-06-11,511874030.7337383,19710818.75,8300820379.970086
2024-06-12,607590312.9034619,19711212.5,7993241570.379265
2024-06-13,603428735.4178218,19711606.25,5447481273.682415
2024-06-14,532681918.1619392,19712003.125,7752072910.629316
2024-06-15,557651383.07578,19712400.0,2182888818.589143
2024-06-16,678337130.1593444,19712796.875,1577243596.909229
2024-06-17,582620847.9896209,19713387.5,6504943989.828709
2024-06-18,632559777.8173028,19713784.375,8142461537.978515
2024-06-19,570136115.5327007,19714375.0,4194286630.621904
2024-06-20,553323137.1046984,19714768.75,6897447731.90798
2024-06-21,582332779.002438,19715168.75,5839766773.132086
2024-06-22,632247017.2026471,19715562.5,5441303997.531913
2024-06-23,465866223.2019504,19716159.375,1479938986.0844269
2024-06-24,632247017.2026471,19716356.25,9211986161.082127
2024-06-25,515780461.4021594,19716953.125,7946145283.243041
2024-06-26,503301901.8521072,19717359.375,6539916736.601309
2024-06-27,540737580.5022639,19717753.125,10565765822.368536
2024-06-28,561535179.7523509,19718153.125,8362849210.30259
2024-06-29,653044616.4527341,19718550.0,2587218662.591855
2024-06-30,503301901.8521072,19718943.75,
2024-07-01,586492298.8524554,19719337.5,7238212215.877723
2024-07-02,615608937.8025774,19719734.375,5251483422.359735
2024-07-03,603130378.2525251,19720325.0,5633224518.403391
2024-07-04,582332779.002438,19720725.0,8872506195.657322
2024-07-05,481691507.2021622,19721118.75,17072634339.062922
2024-07-06,652035052.9717106,19721525.0,3146711262.5946255
2024-07-07,557193590.72128,19722121.875,2278555072.733085
2024-07-08,628324687.409103,19722515.625,10703012141.302937
2024-07-09,608566049.4402633,19722909.375,7917211325.057808
2024-07-10,537434952.7524403,19723500.0,8254401496.318952
2024-07-11,553241863.127512,19723893.75,7191349803.164905
2024-07-12,592759139.0651915,19724290.625,7362339048.252724
2024-07-13,608566049.4402633,19724887.5,2761173151.654501
2024-07-14,659938508.1592464,19725284.375,1663806010.8954782
2024-07-15,604614321.8464954,19725875.0,8843917880.771624
2024-07-16,580903956.2838876,19726268.75,12446978850.299572
2024-07-17,628324687.409103,19726665.625,7739487792.722873
2024-07-18,515102118.23597115,19727256.25,6732472480.378525
2024-07-19,599556361.5235602,19727650.0,8528315185.2865925
2024-07-20,672971426.1999145,19728046.875,3598982164.152902
2024-07-21,689285885.0168821,19728640.625,2500846849.1716294
2024-07-22,730072032.0593011,19729037.5,9717578991.658886
2024-07-23,689285885.0168821,19729640.625,14515028690.791712
2024-07-24,571006058.5938667,19730237.5,8943563782.017931
2024-07-25,664814196.7914306,19730631.25,7867610940.380128
2024-07-26,652578352.6787051,19731225.0,7332170770.1329155
2024-07-27,628106664.4532535,19731618.75,4232975746.9635262
2024-07-28,603634976.227802,19732218.75,2767696675.7889442
2024-07-29,725993417.3550591,19732612.5,9902659739.016802
2024-07-30,611792205.6362859,19733209.375,15119384835.083057
2024-07-31,613215974.0238556,19733603.125,9602772099.094246
2024-08-01,630987879.9602102,19733996.875,8155277551.651909
2024-08-02,563382035.6787592,19734593.75,9809266028.523855
2024-08-03,608452598.53306,19734987.5,2308110370.827175
2024-08-04,644509048.8165007,19735387.5,3460899185.172749
2024-08-05,703100780.5270916,19735781.25,13237735958.448278
2024-08-06,630987879.9602102,19736175.0,6808433062.101782
2024-08-07,549860866.8224689,19736765.625,7893851552.6037655
2024-08-08,581410260.8204794,19737175.0,6532994035.445488
2024-08-09,585917317.1059096,19737571.875,7901052207.058065
2024-08-10,581410260.8204794,19737965.625,3834508484.859348
2024-08-11,725636061.954242,19738359.375,1565215178.617859
2024-08-12,617466711.1039201,19738756.25,6152997429.581423
2024-08-13,671551386.529081,19739150.0,7149997426.564984
2024-08-14,594742777.8026003,19739743.75,6988791297.667786
2024-08-15,690944705.8016886,19740137.5,5391558140.144841
2024-08-16,613213426.3989986,19740534.375,4199825226.3043375
2024-08-17,643442257.2778225,19741125.0,1860988054.6251378
2024-08-18,673671088.1566465,19741521.875,1842005986.3217332
2024-08-19,561392573.463872,19741915.625,6312008781.440564
2024-08-20,647760661.689083,19742309.375,5274305723.816394
2024-08-21,634805448.4553014,19742900.0,5478969193.046639
2024-08-22,690944705.8016886,19743293.75,5779831062.841158
2024-08-23,708218323.4467307,19743884.375,7779554833.467165
2024-08-24,660715874.9228647,19744278.125,8091891894.064949
2024-08-25,574347786.6976537,19744875.0,1702032825.6541271
2024-08-26,578666191.1089141,19745268.75,6102368262.378635
2024-08-27,613213426.3989986,19745665.625,9613387187.807987
2024-08-28,703794017.3679069,19746065.625,6632252546.814547
2024-08-29,587091196.5963086,19746659.375,6395977330.5875435
2024-08-30,631567802.399059,19747053.125,7346359988.724018
2024-08-31,653806105.3004345,19747446.875,2193027465.921187
2024-09-01,631567802.399059,19747843.75,2648012585.459729
2024-09-02,742759316.9059358,19748268.75,3100686678.1579823
2024-09-03,662701426.4609846,19748862.5,6012689752.026111
2024-09-04,671596747.6215348,19749256.25,5799794944.180726
2024-09-05,689387389.9426349,19749881.25,6158660147.1760235
2024-09-06,644910784.1398844,19750275.0,7064283321.400344
2024-09-07,702730371.68346,19750671.875,1519336722.3506465
2024-09-08,742759316.9059358,19751265.625,1783924507.5377305
2024-09-09,644910784.1398844,19751859.375,6363322710.944949
2024-09-10,609329499.4976839,19752262.5,5660821108.553659
2024-09-11,495458846.64224994,19752656.25,4996530777.753266
2024-09-12,700222814.5578787,19753050.0,5069102731.029143
2024-09-13,566627672.3067043,19753446.875,7391259643.194124
2024-09-14,640335336.9970075,19753843.75,2251848613.999916
2024-09-15,695616085.5147347,19754237.5,1557392812.0248942
2024-09-16,575841130.3929921,19754828.125,5636920631.973337
2024-09-17,691009356.4715909,19755228.125,5979868415.488911
2024-09-18,635728607.9538636,19755631.25,7033415665.476531
2024-09-19,562020943.2635604,19756025.0,8246322622.468619
2024-09-20,667975711.255871,19756421.875,11383528905.333433
2024-09-21,621908420.8244318,19756815.625,1936753345.683346
2024-09-22,626515149.8675756,19757406.25,1568648134.041071
2024-09-23,672582440.299015,19757800.0,7000723222.757288
2024-09-24,667975711.255871,19758193.75,8567453178.705362
2024-09-25,657005311.2676694,19758600.0,8162704768.430984
2024-09-26,571298868.1801282,19759190.625,7108680538.140987
2024-09-27,602061114.928289,19759590.625,8554437526.620602
2024-09-28,566904261.5018196,19760006.25,2366097260.4524183
2024-09-29,681164035.1378452,19760403.125,1655558348.2101824
2024-09-30,602061114.928289,19760796.875,10834329687.749815
2024-10-01,689953248.4944626,19761190.625,8154719864.648614
2024-10-02,681164035.1378452,19761784.375,7829105602.861956
2024-10-03,694347855.1727712,19762187.5,7480735068.698743
2024-10-04,742688528.6341666,19762781.25,5461339204.431516
2024-10-05,663585608.4246106,19763181.25,2730371658.884799
2024-10-06,667980215.1029191,19763771.875,3005253704.35666
2024-10-07,681164035.1378452,19764171.875,7813362740.240367
2024-10-08,733899315.2775493,19764768.75,10877241078.803791
2024-10-09,574966972.3426994,19765162.5,6720634380.632039
2024-10-10,709250575.4670075,19765556.25,7011381420.420207
2024-10-11,640613423.0024583,19766146.875,6860121248.392112
2024-10-12,654340853.4953684,19766540.625,1843902651.0940166
2024-10-13,631461802.673852,19766934.375,1597337887.2848842
2024-10-14,636037612.8381552,19767328.125,6678664097.609112
2024-10-15,713826385.6313109,19767918.75,11549587821.736782
2024-10-16,645189233.1667618,19768312.5,11139283532.797909
2024-10-17,718402195.7956142,19768706.25,8730955014.1011
2024-10-18,622310182.3452455,19769303.125,10874397499.760347
2024-10-19,791615158.4244666,19769696.875,3014354207.8432803
2024-10-20,791615158.4244666,19770296.875,4380035792.252007
2024-10-21,782463538.0958601,19770690.625,8678261147.398464
2024-10-22,638125714.2515116,19771281.25,9459984977.844603
2024-10-23,718143298.2753785,19771675.0,6752263402.2640505
2024-10-24,699119634.7449049,19772265.625,8861423494.225447
2024-10-25,727655130.0406153,19772659.375,8170259000.293865
2024-10-26,694363718.8622864,19773053.125,2589025948.7554045
2024-10-27,765702457.1015625,19773650.0,1623405982.1370733
2024-10-28,798993868.2798914,19774050.0,10966185038.036318
2024-10-29,746678793.571089,19774640.625,14125800889.231539
2024-10-30,803749784.1625097,19775037.5,13795094906.86094
2024-10-31,751434709.4537071,19775628.125,13376076760.901299
2024-11-01,727655130.0406153,19776028.125,12445252914.96622
2024-11-02,670584139.4491944,19776621.875,2325736060.7382245
2024-11-03,627780896.505629,19777018.75,2585993578.693979
2024-11-04,720519107.2542773,19777415.625,10004272909.175388
2024-11-05,702351988.6923242,19778006.25,11232629934.277601
2024-11-06,773092476.7620546,19778403.125,16624459226.55678
2024-11-07,788251152.776997,19778800.0,14663670061.258778
2024-11-08,717510664.7072663,19779390.625,16280514071.904945
2024-11-09,702351988.6923242,19779787.5,4379578541.9617
2024-11-10,747828016.7371509,19780187.5,8805260115.054148
2024-11-11,687193312.6773819,19780584.375,15659527002.602785
2024-11-12,737722232.7271894,19781175.0,26270558367.128586
2024-11-13,697299096.6873435,19781575.0,21257021379.190033
2024-11-14,641717284.6325549,19781968.75,24187597707.2619
2024-11-15,757933800.7471123,19782362.5,19113942083.20821
2024-11-16,793304044.7819778,19782759.375,5256303046.01382
2024-11-17,757933800.7471123,19783350.0,3315738679.512714
2024-11-18,789177471.4803329,19783743.75,
2024-11-19,889845955.1158988,19784337.5,17907534161.0051
2024-11-20,747470602.2973549,19784928.125,19928511810.876366
2024-11-21,732216100.2096539,19785321.875,24042155708.5233
2024-11-22,727131266.1804202,19785715.625,18925420304.096355
2024-11-23,701707096.0342517,19786109.375,11273319452.938
2024-11-24,681367759.9173166,19786703.125,8444664449.542644
2024-11-25,859336950.9404964,19787096.875,19031989883.548634
2024-11-26,706791930.0634853,19787493.75,21331421147.908745
2024-11-27,676282925.8880831,19788084.375,12555140763.385523
2024-11-28,722046432.1511863,19788481.25,9708469422.03239
2024-11-29,615264917.5372787,19788875.0,12049106760.35298
2024-11-30,833912780.7943279,19789271.875,4308785753.686624
2024-12-01,803403776.6189257,19789668.75,4169328992.6346917
2024-12-02,649582756.2207783,19790262.5,16936998791.826956
2024-12-03,811042070.6273791,19790656.25,13405989744.175869
2024-12-04,759383340.0141702,19791050.0,13935666799.866549
2024-12-05,800710324.5047373,19791643.75,22269535612.85755
2024-12-06,702558736.3396405,19792037.5,17888033885.907677
2024-12-07,733553974.7075658,19792431.25,5418124415.8528185
2024-12-08,754217466.9528493,19793025.0,3771799971.244733
2024-12-09,862700801.2405878,19793421.875,16893586741.251682
2024-12-10,795544451.4434165,19794015.625,12979843425.395798
2024-12-11,733553974.7075658,19794412.5,21037350757.179394
2024-12-12,764549213.0754911,19794809.375,17239165427.918285
2024-12-13,878198420.4245505,19795400.0,17652553064.867294
2024-12-14,821373816.7500207,19795793.75,5353586265.646702
2024-12-15,707724609.4009614,19796387.5,6822123118.7715025
2024-12-16,796354777.917631,19796781.25,19489912898.92708
2024-12-17,733677850.1420219,19797175.0,16038288677.469349
2024-12-18,776835370.7386113,19797568.75,16000954252.851433
2024-12-19,782230060.8131851,19798162.5,19125758841.63413
2024-12-20,814598201.2606272,19798562.5,16133797899.628603
2024-12-21,782230060.8131851,19798965.625,6882358327.448823
2024-12-22,836176961.5589218,19799559.375,3340023325.9010005
2024-12-23,749861920.3657429,19799959.375,12473533243.122515
2024-12-24,712099089.8437271,19800353.125,11564062010.09304
2024-12-25,814598201.2606272,19800746.875,5466163116.674572
2024-12-26,706704399.7691535,19801343.75,8493106621.658707
2024-12-27,852361031.782643,19801740.625,9580652001.738985
2024-12-28,771440680.6640378,19802134.375,2677566056.8358884
2024-12-29,853049703.3260739,19802728.125,5228175703.420922
2024-12-30,867710155.9849901,19803121.875,13470587113.382612
2024-12-31,703991258.6293316,19803712.5,13251695752.866476
2025-01-01,764021520.9930731,19804106.25,6553323746.3020735
2025-01-02,911368528.6131656,19804500.0,6110103532.896917
2025-01-03,774936114.1501169,19805090.625,8269717281.335514
2025-01-04,813137190.1997707,19805484.375,2758643852.77057
2025-01-05,851338266.2494245,19805881.25,2386538450.1449366
2025-01-06,725820444.9434196,19806475.0,10720151138.280603
2025-01-07,731277741.5219413,19806871.875,12571059044.880728
2025-01-08,682162072.3152436,19807268.75,12232111996.713434
2025-01-09,829509079.9353366,19807665.625,7267610310.966393
2025-01-10,774936114.1501169,19808059.375,8226023524.658946
2025-01-11,753106927.8360293,19808456.25,2717776436.9154506
2025-01-12,939753829.6056751,19809046.875,2524860229.613659
2025-01-13,702796044.3776932,19809440.625,7428143322.801004
2025-01-14,845551490.8919123,19809834.375,8476643246.566211
2025-01-15,763192579.4414012,19810431.25,9736046043.950031
2025-01-16,702796044.3776932,19810825.0,15219278220.789003
2025-01-17,823589114.5051093,19811218.75,13726669241.249104
2025-01-18,713777232.5710948,19811612.5,5389522873.899006
2025-01-19,823589114.5051093,19812006.25,5860881893.009443
2025-01-20,834570302.6985108,19812596.875,11266460830.38323
2025-01-21,730249014.861197,19812996.875,14016792182.76418
2025-01-22,823589114.5051093,19813390.625,13577736341.160229
2025-01-23,746720797.1512991,19813984.375,14634364649.359365
2025-01-24,768683173.5381019,19814378.125,12098187853.612225
2025-01-25,702796044.3776932,19814775.0,3694805800.669982
2025-01-26,752211391.2479999,19815168.75,2783482751.6197257
2025-01-27,841602268.6110247,19815565.625,11955786516.95331
2025-01-28,795344639.2008113,19816159.375,8034825800.008887
2025-01-29,832962291.0549035,19816568.75,6092345911.116566
2025-01-30,779222788.4062003,19816962.5,7400448916.434272
2025-01-31,671743783.1087936,19817553.125,11201672996.579489
2025-02-01,988806848.7361435,19817946.875,3013247738.519718
2025-02-02,918945495.2928294,19818540.625,4767314353.494646
2025-02-03,822214390.5251629,19818934.375,18010195932.401714
2025-02-04,703987484.6980155,19819525.0,9972825687.013731
2025-02-05,773848838.1413299,19819918.75,14433738129.338787
2025-02-06,779222788.4062003,19820312.5,10021883321.596104
2025-02-07,929693395.8225701,19820706.25,8703519501.878572
2025-02-08,859832042.3792553,19821309.375,3464009779.7232847
2025-02-09,795293751.4100475,19821900.0,2892524949.0753446
2025-02-10,788864727.616627,19822312.5,7432617992.956971
2025-02-11,703735440.4637535,19822709.375,9477085951.576164
2025-02-12,754813012.7554775,19823106.25,6046944646.337515
2025-02-13,896695158.0102665,19823503.125,6654782592.28042
2025-02-14,862643443.1491172,19824093.75,8436991720.132586
2025-02-15,908045729.6306497,19824487.5,2834188516.6755214
2025-02-16,856968157.3389257,19825081.25,2372547536.0734653
2025-02-17,777514155.996244,19825478.125,5508831135.639191
2025-02-18,794540013.4268184,19825871.875,7844099152.227246
2025-02-19,715086012.0841366,19826265.625,7977877909.42433
2025-02-20,737787155.324903,19826659.375,7693600250.556907
2025-02-21,732111869.5147113,19827053.125,11713054420.955343
2025-02-22,788864727.616627,19827446.875,9079926698.565578
2025-02-23,728533880.978175,19828037.5,4160757626.3135962
2025-02-24,714530229.8374169,19828431.25,7539058256.821985
2025-02-25,807968798.3546175,19828828.125,19880185672.637268
2025-02-26,862932662.1882651,19829221.875,16676247403.02854
2025-02-27,824457957.5047117,19829812.5,13035391292.900713
2025-02-28,857436275.8049003,19830206.25,14082883082.188152
2025-03-01,791479639.2045234,19830600.0,4440543779.655316
2025-03-02,692544684.3039575,19831190.625,6026981353.715553
2025-03-03,824457957.5047117,19831584.375,13059040343.29221
2025-03-04,802472411.9712528,19831978.125,9413786977.94864
2025-03-05,736515775.3708757,19832371.875,7517911103.3842125
2025-03-06,934385685.1720064,19832771.875,8439668480.765515
2025-03-07,780486866.4377937,19833365.625,10112854701.343702
2025-03-08,753004934.5209701,19833759.375,2510243357.318507
2025-03-09,878012411.8108668,19834350.0,3291100083.832311
2025-03-10,858547242.188255,19834743.75,11665904508.07828
2025-03-11,769347528.7141508,19835334.375,10558772838.912882
2025-03-12,852972260.0961236,19835731.25,11244575402.619507
2025-03-13,886422152.6489124,19836125.0,11652599979.206436
2025-03-14,791647457.0826768,19836721.875,7688923936.964859
2025-03-15,735897636.1613616,19837115.625,2025237248.2558634
2025-03-16,808372403.3590714,19837518.75,2461022384.446573
2025-03-17,780497492.8984137,19837912.5,6958311355.184736
2025-03-18,791647457.0826768,19838306.25,5673415289.209962
2025-03-19,847397278.0039921,19838896.875,7323070307.706748
2025-03-20,791647457.0826768,19839290.625,9374758746.042683
2025-03-21,808372403.3590714,19839684.375,7154070651.931662
2025-03-22,836247313.819729,19840275.0,2286075876.446249
2025-03-23,876571559.8921037,19840668.75,1789474661.2639942
2025-03-24,870857131.0489082,19841259.375,7684100097.406544
2025-03-25,842582548.8719956,19841653.125,10116621776.142765
2025-03-26,859547298.1781431,19842050.0,9664047436.944172
2025-03-27,836927632.4366131,19842643.75,7526149332.700574
2025-03-28,870857131.0489082,19843037.5,12048485791.401278
2025-03-29,797343217.3889353,19843443.75,5091286087.469017
2025-03-30,774723551.6474054,19844034.375,3254782225.1719213
2025-03-31,836927632.4366131,19844428.125,9821678609.988209
2025-04-01,763413718.7766403,19844828.125,6557955353.679704
2025-04-02,972645626.8857933,19845221.875,9548511632.805397
2025-04-03,859547298.1781431,19845821.875,11835707286.54347
2025-04-04,1017884958.3688537,19846218.75,8780468949.850952
2025-04-05,948981343.907835,19846809.375,3868108851.8407145
2025-04-06,875826848.0097468,19847403.125,4346039061.740272
2025-04-07,875826848.0097468,19847796.875,12325031990.720432
2025-04-08,924148329.2792498,19848196.875,7889160738.948145
2025-04-09,791264255.7881161,19848815.625,10619510422.057436
2025-04-10,869786662.851059,19849209.375,8272452338.091592
2025-04-11,893947403.4858105,19849606.25,10441636973.743479
2025-04-12,869786662.851059,19850003.125,3199768362.3695993
2025-04-13,1038911847.2943201,19850596.875,2872917277.051721
2025-04-14,899987588.6444983,19850996.875,7327920945.142364
2025-04-15,869786662.851059,19851587.5,6411287873.065953
2025-04-16,893947403.4858105,19851984.375,9044954451.20895
2025-04-17,924148329.2792498,19852378.125,7817372046.315234
2025-04-18,821465181.5815556,19852968.75,3870953753.6277747
2025-04-19,847396221.1293446,19853362.5,2510500478.902752
2025-04-20,753499802.4397362,19853756.25,2232630980.687477
2025-04-21,771877846.401681,19854150.0,7961048503.294534
2025-04-22,949532271.367147,19854543.75,12491830345.924187
2025-04-23,698365670.5539016,19855134.375,16200026210.79612
2025-04-24,863768066.2114046,19855331.25,14035201954.66458
2025-04-25,882146110.1733494,19855921.875,17332578422.84961
2025-04-26,814759948.9795519,19856318.75,4555887933.739448
2025-04-27,827011978.2875152,19856712.5,3888393605.9005857
2025-04-28,863768066.2114046,19857106.25,11534611913.428812
2025-04-29,894398139.4813126,19857500.0,12682042160.758211
2025-04-30,808633934.3255703,19858090.625,8415953464.653325
2025-05-01,827011978.2875152,19858484.375,8742561243.010767
2025-05-02,974036329.9830736,19858878.125,10365219305.55276
2025-05-03,999957994.4593519,19859275.0,5780366401.056679
2025-05-04,823060870.7158544,19859868.75,2688789794.2843966
2025-05-05,1036227714.9300332,19860268.75,12316169616.315157
2025-05-06,817139569.4876828,19860859.375,9692283136.625355
2025-05-07,894116485.453914,19861253.125,8870488913.741823
2025-05-08,941486895.2792871,19861843.75,10352926922.70228
2025-05-09,828982171.944026,19862237.5,12000952154.164745
2025-05-10,888195184.2257423,19862637.5,3641552067.7514997
2025-05-11,882273882.9975705,19863228.125,4002446571.2172523
2025-05-12,858588678.0848842,19863625.0,10610173476.098167
2025-05-13,769769159.6623099,19864025.0,12139989800.498348
2025-05-14,852667376.8567126,19864418.75,9186120404.981548
2025-05-15,864509979.3130558,19865012.5,13310349561.179665
2025-05-16,805296967.0313396,19865409.375,9260377548.058199
2025-05-17,853317480.0820746,19865806.25,3011615665.251809
2025-05-18,979723251.2998109,19866200.0,4277222751.359123
2025-05-19,852722089.09428,19866790.625,11066325015.853483
2025-05-20,895055809.829457,19867184.375,10861017407.833975
2025-05-21,870865112.2664988,19867581.25,14775186534.55395
2025-05-22,907151158.610936,19868175.0,16043204929.738068
2025-05-23,937389530.5646338,19868568.75,15409133940.94576
2025-05-24,852722089.09428,19869162.5,5446155680.062743
2025-05-25,913198833.0016756,19869556.25,3288796413.1677313
2025-05-26,925294181.7831548,19869962.5,9216183401.120417
2025-05-27,852722089.09428,19870553.125,12251387161.35873
2025-05-28,991818600.0812899,19870950.0,10535083488.500374
2025-05-29,961580228.1275918,19871343.75,10341416369.58704
2025-05-30,937389530.5646338,19871934.375,12038234757.004648
2025-05-31,1016284104.8877773,19872328.125,3219514300.9733295
2025-06-01,839539043.1681639,19872934.375,2705917037.3142548
2025-06-02,839539043.1681639,19873328.125,12666100367.852962
2025-06-03,908974603.1294405,19873721.875,11439289120.522953
2025-06-04,795352777.73826,19874115.625,13646987293.23523
2025-06-05,845851366.801007,19874509.375,10550534159.238892
2025-06-06,845851366.801007,19874912.5,11455561872.615784
2025-06-07,902662279.4965969,19875503.125,3677820071.5810657
2025-06-08,965785515.8250304,19875896.875,2364440624.399593
2025-06-09,883725308.5980667,19876290.625,9265964068.03982
2025-06-10,1066782693.9505239,19876684.375,11196025800.767021
2025-06-11,890037632.2309102,19877275.0,8722630197.219322
2025-06-12,934223897.6608136,19877668.75,6376367919.772322
2025-06-13,915286926.7622839,19878259.375,11515533272.179176
2025-06-14,949216466.5546213,19878665.625,3885367331.7677402
2025-06-15,854616743.0404905,19879062.5,3155873881.1872916
2025-06-16,917456209.4405266,19879656.25,11917602155.905172
2025-06-17,741505703.5204258,19880050.0,9427005107.909824
2025-06-18,879752529.6005048,19880443.75,10252024346.377224
2025-06-19,798061223.2804582,19880840.625,5255470077.15392
2025-06-20,948875942.6405447,19881234.375,8671147096.782238
2025-06-21,886036476.2405084,19881628.125,3272164417.8679485
2025-06-22,672382290.480386,19882221.875,5215828659.9633255
2025-06-23,672382290.480386,19882418.75,9641640710.702705
2025-06-24,735221756.880422,19882812.5,
2025-06-25,898604369.5205159,19883206.25,11874525132.589663
2025-06-26,986579622.4805663,19883600.0,11793948204.87055
2025-06-27,722653863.6004148,19884190.625,12887703108.271957
2025-06-28,911172262.800523,19884387.5,3336314161.1267157
2025-06-29,995260121.1336331,19884984.375,3488152854.034
2025-06-30,843035679.3574839,19885378.125,14136311601.559845
2025-07-01,779081248.5096745,19885968.75,7525873041.10213
2025-07-02,889547992.701345,19886365.625,9829934492.062973
2025-07-03,877919914.3653797,19886762.5,11161785740.783573
2025-07-04,924432227.709241,19887353.125,16598074235.295662
2025-07-05,912804149.3732755,19887746.875,2818051738.286806
2025-07-06,930246266.8772235,19888337.5,2856385887.529106
2025-07-07,877919914.3653797,19888734.375,9758779721.625797
2025-07-08,825593561.8535358,19889128.125,8193896030.848373
2025-07-09,953502423.549154,19889721.875,7732968413.466436
2025-07-10,994200697.7250328,19890115.625,11593476507.743673
2025-07-11,872105875.197397,19890706.25,17966579616.717262
2025-07-12,918141001.6128464,19891100.0,7065294773.538602
2025-07-13,859946006.057642,19891700.0,4554222640.881363
2025-07-14,910161831.228891,19892103.125,28379995376.52119
2025-07-15,1029424416.010608,19892506.25,25653677929.517857
2025-07-16,822284137.1792051,19893096.875,15318731737.294672
2025-07-17,853669027.9112357,19893490.625,29735820375.44461
2025-07-18,903884853.0824848,19893887.5,17065964092.484245
2025-07-19,891330896.7896729,19894287.5,6034792021.890069
2025-07-20,935269743.8145157,19894687.5,3737438458.7072406
2025-07-21,941546721.960922,19895278.125,14562334193.0149
2025-07-22,941546721.960922,19895671.875,14170292447.359936
2025-07-23,878776940.4968604,19896265.625,10879734897.830894
2025-07-24,922715787.5217032,19896659.375,11261125234.19587
2025-07-25,1004316503.4249833,19897062.5,22820893392.68719
2025-07-26,970032969.1338755,19897653.125,4964932334.15206
2025-07-27,869131963.3112651,19898053.125,3373298830.617135
2025-07-28,919884194.7454995,19898450.0,12934438036.770037
2025-07-29,710531240.0792824,19898856.25,13288768254.758938
2025-07-30,869131963.3112651,19899259.375,10499712187.637215
2025-07-31,976980455.1090133,19899656.25,9759826295.827438
2025-08-01,957948368.3211753,19900246.875,15497763392.271341
2025-08-02,919884194.7454995,19900646.875,3157274637.0232015
2025-08-03,983324484.0382924,19901043.75,3752362442.6492014
2025-08-04,1084828946.9067616,19901650.0,11845762258.67677
2025-08-05,875475992.2405444,19902043.75,9313301817.800478
2025-08-06,913540165.8162203,19902634.375,7655906247.251752
2025-08-07,1021388657.6139685,19903121.875,8976136352.994701
2025-08-08,870485436.2761792,19903625.0,10640830372.69743
2025-08-09,746374213.3917352,19903900.0,3986623481.7432323
2025-08-10,868625162.1369333,19904431.25,4258627456.3488636
2025-08-11,945836287.6602162,19904681.25,11718980185.323074
2025-08-12,881493683.0574806,19905156.25,11498642440.824318
2025-08-13,1003744631.8026783,19905775.0,12888456394.703356
2025-08-14,1042350194.56432,19906050.0,14413520594.360933
2025-08-15,862190901.6766596,19906581.25,14017254389.700182
2025-08-16,978007589.9615842,19907118.75,5504971480.001399
2025-08-17,978007589.9615842,19907415.625,4633178834.210024
2025-08-18,990876110.8821313,19907993.75,10854550547.181856
2025-08-19,862190901.6766596,19908550.0,14441863554.129673
2025-08-20,907230724.8985746,19908809.375,11774848315.666763
2025-08-21,958704808.5807632,19909362.5,14001832264.62955
2025-08-22,939585701.641628,19909703.125,15328705213.824976
2025-08-23,980001769.6141683,19910250.0,8101157832.036867
2025-08-24,1057370330.3731811,19910734.375,11032407922.931696
2025-08-25,909080588.9184059,19911325.0,11581188386.265312
2025-08-26,967107009.4876657,19911631.25,12519504863.175747
2025-08-27,967107009.4876657,19912115.625,10326963402.219948
2025-08-28,1025133430.0569257,19912653.125,10466099084.99234
2025-08-29,1063817710.4364324,19913134.375,23005469326.788795
2025-08-30,1018686049.9936746,19913656.25,9170965525.438213
2025-08-31,851054168.3491462,19914290.625,4626001308.177331
2025-09-01,1038028190.1834283,19914606.25,9872635249.510498
2025-09-02,1050922950.3099302,19915265.625,11472795453.89586
2025-09-03,883291068.6654017,19915515.625,10987680372.68799
2025-09-04,902633208.8551546,19916012.5,10787959326.746689
2025-09-05,957592801.7399701,19916521.875,12937939673.7636
2025-09-06,946761026.3534616,19916834.375,3437337619.6244116
2025-09-07,1041437128.988808,19917418.75,2596166281.3931866
2025-09-08,1082012601.5468137,19917696.875,7661404614.42701
2025-09-09,1129350652.8644862,19918268.75,10652209784.065067
2025-09-10,1149638389.1434891,19918909.375,11031790195.23848
2025-09-11,1014386813.9501374,19919421.875,12917697920.895584
2025-09-12,811509451.1601102,19919943.75,13838292752.335754
2025-09-13,953523605.1131293,19920215.625,5789043918.79074
2025-09-14,1034674550.2291405,19920740.625,3898286436.661168
2025-09-15,1102300337.8258162,19921012.5,12687401399.611538
2025-09-16,1082012601.5468137,19921537.5,11014563418.224216
2025-09-17,865610081.2374508,19922084.375,12962249455.147718
2025-09-18,1087599379.1411881,19922668.75,13510976822.137205
2025-09-19,1188749380.7897809,19922915.625,11918810025.118149
2025-09-20,1082611043.2192645,19923459.375,6506869820.089035
2025-09-21,1146294045.7615743,19924065.625,3521336291.7833223
2025-09-22,1061383375.7051616,19924562.5,15430507426.449467
2025-09-23,1018928040.676955,19925084.375,13380103763.332317
2025-09-24,1082611043.2192645,19925350.0,11030120453.67821
2025-09-25,997700373.1628518,19925881.25,14251956295.883837
2025-09-26,934017370.6205422,19926450.0,16962966523.57071
2025-09-27,1096762821.5620003,19926693.75,5814233429.462753
2025-09-28,1167521713.2756777,19927212.5,4533682940.126207
2025-09-29,990624483.9914839,19927771.875,12421806232.98834
2025-09-30,1139218156.5902066,19928340.625,18752461459.12848
2025-10-01,1076906913.283782,19928631.25,17914942537.91964
2025-10-02,1019764936.475331,19929200.0,18501831007.64977
2025-10-03,884796047.8241848,19929743.75,23124603287.085655
2025-10-04,1004768393.2918702,19929987.5,8476077417.44032
2025-10-05,1117242467.1678262,19930309.375,7752284226.2383795
2025-10-06,922287405.7828363,19930840.625,16874408670.71981
2025-10-07,1034761479.6587919,19931140.625,19430972127.380543
2025-10-08,1109744195.5760958,19931684.375,19009027532.640343
2025-10-09,899792591.007645,19932231.25,15183418026.848045
2025-10-10,989771850.1084098,19932493.75,15376547532.03535
2025-10-11,1102245923.9843652,19932990.625,13979800173.011082
2025-10-12,1087249380.8009045,19933478.125,5559262421.031401
2025-10-13,1139737281.943017,19933975.0,9071959222.90638
2025-10-14,1267207899.0024335,19934312.5,19576688920.433247
2025-10-15,1079751109.2091742,19934968.75,21854225093.273422
2025-10-16,1124278123.987008,19935212.5,13182320922.085176
2025-10-17,1159633832.2093213,19935806.25,16097643605.953632
2025-10-18,1203393599.4625034,19936425.0,5298430674.653136
2025-10-19,1013767941.3653816,19936665.625,5022667331.842184
2025-10-20,1086700886.7873514,19937178.125,11951029124.0078
2025-10-21,1093994181.3295484,19937631.25,14951638311.044374
2025-10-22,1115874064.956139,19938165.625,15261276545.144241
2025-10-23,1035647824.9919723,19938521.875,12186213034.972124
2025-10-24,1305499723.053261,19939037.5,12416172617.763527
2025-10-25,1166927126.751518,19939625.0,4877663200.916018
2025-10-26,1072114297.7029574,19940187.5,6847085319.891039
2025-10-27,1072114297.7029574,19940703.125,16107727421.004858
2025-10-28,1181513715.835912,19940996.875,14459499246.59532
2025-10-29,929747081.6588961,19941578.125,13004147601.963224
2025-10-30,1240553837.6668227,19941850.0,14514069160.323538
2025-10-31,1085484607.9584696,19942462.5,15203643065.771168
2025-11-01,1069977684.9876347,19943025.0,7076005652.664974
2025-11-02,1201786530.2397344,19943346.875,3304825232.249682
2025-11-03,1100991530.929305,19943978.125,14288895727.776064
2025-11-04,1015703454.5897113,19944262.5,17542018755.260174
2025-11-05,1069977684.9876347,19944546.875,13419921893.468367
2025-11-06,1085484607.9584696,19945115.625,15636906418.271948
2025-11-07,1100991530.929305,19945650.0,21461779028.83144
2025-11-08,930415378.2501172,19945871.875,4367137226.846394
2025-11-09,1093238069.4438875,19946450.0,3067078992.712991
2025-11-10,1085484607.9584696,19946750.0,11484375771.963436
2025-11-11,1186279607.2688992,19947256.25,10951056954.68874
2025-11-12,1086613750.3494294,19947821.875,10604955346.718935
2025-11-13,,19948137.5,13088012217.047039
2025-11-14,,19948728.125,24377100196.130707
2025-11-15,,19948978.125,5644973418.0668
2025-11-16,1203542966.8475492,19949512.5,4776084095.964514
2025-11-17,938612125.0886546,19950103.125,19283577618.702053
2025-11-18,1006737198.683799,19950406.25,21605870788.453686
2025-11-19,1037015009.1705301,19950928.125,17471565470.769844
2025-11-20,991598293.4404337,19951243.75,15177174553.160692
2025-11-21,1142987345.8740876,19951562.5,21796370449.694958
2025-11-22,1082431724.900626,19952156.25,58388673977.72743
2025-11-23,1074862272.2789433,19952437.5,17954745701.83514
2025-11-24,1082431724.900626,19952959.375,14112416699.0278
2025-11-25,870487051.4935104,19953518.75,11012928544.071537
2025-11-26,1241390229.9559624,19953731.25,9204012840.881035
2025-11-27,1061465507.6302311,19954234.375,9062460320.883312
2025-11-28,1113270480.6428328,19954703.125,9697972473.083769
2025-11-29,1016787038.987121,19955203.125,3552877104.767845
2025-11-30,1239441135.1156871,19955756.25,3541872047.362618
2025-12-01,987099826.1699785,19956225.0,13435643673.40069
2025-12-02,942569006.9442655,19956512.5,10845653512.26919
2025-12-03,979678022.9656931,19957053.125,12509377018.149723
2025-12-04,979678022.9656931,19957518.75,8105660617.511551
2025-12-05,883194581.309981,19957762.5,10280986733.847937
2025-12-06,1209753922.2985451,19958265.625,3044783369.686914
2025-12-07,1187488512.6856885,19958584.375,2501885859.6408043
2025-12-08,1098426874.2342618,19959162.5,13483240526.988363
2025-12-09,957412613.3528363,19959740.625,9695891171.237087
2025-12-10,1150379496.6642606,19960031.25,11784957025.173037
2025-12-11,1179902024.3226545,19960546.875,10736904008.783623
2025-12-12,1068190154.3848839,19961140.625,10803224575.612886
2025-12-13,1053456497.083023,19961443.75,4017753379.5852885
2025-12-14,942954067.3190697,19961959.375,2848683491.374594
2025-12-15,987155039.2246507,19962490.625,8379084323.59204
2025-12-16,1082923811.686744,19962725.0,10531766894.152073
2025-12-17,1016622353.8283721,19963256.25,12489831561.278057
2025-12-18,1060823325.7339536,19963825.0,9848892393.375822
2025-12-19,1068190154.3848839,19964084.375,8969389739.72798
2025-12-20,1082923811.686744,19964637.5,4973933952.339513
2025-12-21,1016622353.8283721,19965187.5,2519189997.1456137
2025-12-22,1023989182.4793022,19965475.0,8820610202.54576
2025-12-23,1068190154.3848839,19966040.625,12185261277.52939
2025-12-24,1171325755.4979067,19966303.125,11504123666.75912
2025-12-25,1016973817.768314,19966837.5,3024468762.6361113
2025-12-26,1149714808.6043208,19967390.625,9450221823.643654
2025-12-27,1002315474.1678696,19967703.125,3357464428.8442717
2025-12-28,1142344841.882498,19968246.875,2110737904.6223104
2025-12-29,1134974875.1606758,19968756.25,17986843413.77039
2025-12-30,877026039.8968855,19969043.75,12213235203.818419
2025-12-31,980205574.0024016,19969593.75,17317990785.43975
2026-01-01,1112864974.9952078,19969843.75,5461748379.32022
2026-01-02,1061275207.9424502,19970462.5,8968206910.814333
2026-01-03,1142344841.882498,19971006.25,2473500733.0217514
2026-01-04,1068645174.6642727,19971300.0,2506209767.9706717
2026-01-05,972835607.2805791,19971918.75,11806112633.600658
2026-01-06,958095673.8369341,19972125.0,11114364069.907026
2026-01-07,1083385108.1079175,19972618.75,9963351045.469955
2026-01-08,965289669.1289088,19973115.625,9338603708.545887
2026-01-09,1033929118.9983668,19973390.625,12518853021.095198
2026-01-10,1179552938.5756013,19973850.0,8121569827.731763
2026-01-11,888305299.4211321,19974393.75,4985913693.124658
2026-01-12,1033929118.9983668,19974981.25,10984133269.750414
2026-01-13,982960782.146335,19975193.75,14002042935.92521
2026-01-14,902867681.3788556,19975734.375,13059243547.161377
2026-01-15,1012085546.0617816,19975956.25,13357960101.245293
2026-01-16,946554827.2520258,19976528.125,9372781612.330635
2026-01-17,1084897455.850399,19976806.25,2998686754.598215
2026-01-18,1019366737.0406432,19977346.875,2353607702.805856
2026-01-19,1092178646.8292608,19977934.375,5014634720.103577
2026-01-20,968398400.1886113,19978193.75,9822935837.808207
2026-01-21,997523164.104058,19978700.0,13390535599.00566
2026-01-22,1163912656.954194,19979287.5,10568754612.948172
2026-01-23,985930374.4704596,19979559.375,6994781333.942334
2026-01-24,690151262.1293219,19980090.625,2116227259.4964585
2026-01-25,760574860.3057833,19980365.625,3966994210.6755815
2026-01-26,873252617.3881215,19980643.75,7681814789.554701
2026-01-27,859167897.7528292,19981103.125,6067747727.70262
2026-01-28,774659579.9410756,19981390.625,8693559628.841545
2026-01-29,901422056.6587061,19981912.5,9789073414.457756
2026-01-30,922549136.1116446,19982171.875,14841644208.141388
2026-01-31,971845654.8351676,19982731.25,8589408432.090025
2026-02-01,838040818.299891,19983053.125,7846770887.604803
2026-02-02,830998458.4822448,19983528.125,15680747255.192636
2026-02-03,929591495.9292907,19983775.0,13344411909.709486
2026-02-04,1000015094.105752,19984259.375,14008595911.570457
2026-02-05,894379696.8410602,19984809.375,21139302346.193314
2026-02-06,1021142173.5586905,19985084.375,18901527089.30478
2026-02-07,1116396723.6283798,19985406.25,6122926408.364181
2026-02-08,1063649660.9826868,19985946.875,4243821725.8114414
2026-02-09,1019852322.0010467,19986543.75,11888159988.016224
2026-02-10,900973830.4794525,19987071.875,9547620583.008541
2026-02-11,982311745.7310699,19987556.25,8491239760.042006
2026-02-12,1107446999.964327,19988128.125,9661389136.315762
2026-02-13,944771169.4610924,19988665.625,9201319258.50435
2026-02-14,1038622610.1360354,19989109.375,3840029082.300078
2026-02-15,1232582254.1975844,19989706.25,1929666958.9573793
2026-02-16,1094933474.5410013,19990228.125,4693867812.997321
2026-02-17,1032365847.4243727,19990793.75,6373218850.178365
2026-02-18,957284694.8844184,19991334.375,5723969492.006945
2026-02-19,1020622252.4872998,19991653.125,5598066692.030261
2026-02-20,983397435.8766681,19992184.375,10586854048.32113
2026-02-21,854191933.352726,19992712.5,2476187168.520625
2026-02-22,1177205689.6625803,19993009.375,1845861126.4781623
2026-02-23,1062356354.0857433,19993556.25,6005967073.087472
2026-02-24,1184383773.1361327,19994075.0,7724802994.709144
2026-02-25,1119781021.874162,19994581.25,6898606940.395969
2026-02-26,1004931686.2973247,19994878.125,7443589778.407508
2026-02-27,1012109769.7708769,19995418.75,5797244770.140323
2026-02-28,1026465936.7179816,19995968.75,2721602956.984004
2026-03-01,1069534437.5592955,19996215.625,1947434580.0901263
2026-03-02,976219352.4031156,19996743.75,7000359941.529199
2026-03-03,961863185.4560106,19997300.0,8081339725.646691
2026-03-04,933150851.5618018,19997568.75,12288634029.364828
2026-03-05,1192841923.7049837,19998065.625,9278661021.10245
2026-03-06,1052672432.0364789,19998656.25,7534725006.097888
2026-03-07,951731239.9233917,19998903.125,2032123513.9378915
2026-03-08,966151410.2252611,19999437.5,1488615216.0636604
2026-03-09,994991750.8290006,20000006.25,6914157660.480911
2026-03-10,994991750.8290006,20000265.625,7287177982.124621
2026-03-11,1002201835.9799352,20000793.75,8029010340.4647455
2026-03-12,930100984.4705875,20001121.875,6108416530.594537
2026-03-13,872420303.2631093,20001637.5,7726566054.216646
2026-03-14,922890899.3196526,20001881.25,2145316489.7739317
2026-03-15,901260643.8668482,20002403.125,3517233731.097687
2026-03-16,901260643.8668482,20002653.125,10195572100.645725
2026-03-17,915680814.1687176,20003203.125,7906826040.114284
2026-03-18,1002201835.9799352,20003475.0,6375312014.41345
2026-03-19,966151410.2252611,20003962.5,5718618497.256258
2026-03-20,958881917.8174205,20004484.375,5101822416.933103
2026-03-21,917823292.9611512,20004703.125,1218707789.7153096
2026-03-22,1077444735.2152646,20005196.875,3563696747.3545766
2026-03-23,1064142948.360755,20005728.125,6351371463.8087845
2026-03-24,831361678.4068401,20006181.25,6967432240.095557
2026-03-25,1017586694.3699718,20006750.0,8326071521.44758
2026-03-26,1097397415.4970288,20007018.75,6233836622.328477
2026-03-27,1010935800.9427172,20007525.0,8652009474.541578
2026-03-28,1157255456.3423212,20008112.5,2709136323.610358
2026-03-29,957728653.5246795,20008681.25,1979365473.9460342
2026-03-30,904521506.1066417,20008934.375,7311067757.215472
2026-03-31,904521506.1066417,20009421.875,7319725452.4801445
2026-04-01,1077444735.2152646,20009981.25,6475233191.952339
2026-04-02,964379546.9519341,20010296.875,6704823313.014916
2026-04-03,898750099.8899364,20010831.25,3007067104.088623
2026-04-04,828969681.6295495,20011315.625,1443412965.6513567
2026-04-05,1098384828.1591525,20011618.75,1458245965.5939348
2026-04-06,884234327.0715194,20012146.875,4355593806.902083
2026-04-07,953315133.8739818,20012684.375,5575967620.145627
2026-04-08,1022395940.676444,20012971.875,5936286348.016992
2026-04-09,994763617.9554594,20013353.125,5196240368.168461
2026-04-10,863510085.0307804,20013871.875,6491981313.769409
2026-04-11,849693923.6702881,20014393.75,1987525971.3807876
2026-04-12,1070752505.4381678,20014728.125,1576299770.494101
2026-04-13,1022395940.676444,20015271.875,6633310041.043966
2026-04-14,1132925231.560384,20015556.25,12370994758.47783
2026-04-15,863510085.0307804,20016121.875,8799963363.243324
2026-04-16,1050028263.3974293,20016396.875,6827305647.032912
2026-04-17,968172577.6598405,20016984.375,7922347197.329179
2026-04-18,1031290054.5634866,20017515.625,2768806279.2658143
2026-04-19,1064992343.9283061,20018050.0,2883140409.3545456
2026-04-20,876259523.4853154,20018306.25,11266757285.351542
2026-04-21,909961812.8501353,20018815.625,7894718144.329737
2026-04-22,882999981.3582796,20019115.625,8975032613.917759
2026-04-23,815595402.6286399,20019609.375,8141917393.593581
2026-04-24,1004328223.0716305,20019928.125,10786366687.21436
2026-04-25,943664102.2149547,20020437.5,2316698937.9770403
2026-04-26,1004328223.0716305,20020921.875,1645733890.632024
2026-04-27,930183186.4690272,20021503.125,6652309884.766558
2026-04-28,936923644.3419911,20021809.375,6877226670.65858
2026-04-29,,20022312.5,
