scraped_at,handle,rank,tweet_id,timestamp,text,full_text,url,is_pinned,has_show_more,detail_hydrated,has_media,media_urls,media_alt_text,comments,replies,retweets,reposts,quotes,likes,views,bookmarks,engagement_raw,engagement_rate_per_1k_views,impact_score,account_elapsed_s,account_error,detail_error
2026-05-10T02:46:26.179233+00:00,POTUS,1,2053087278335946869,2026-05-09T12:18:46.000Z,"America’s epic 250 summer loading… 


@UFC
 FIGHT NIGHT ON THE SOUTH LAWN","America’s epic 250 summer loading… 


@UFC
 FIGHT NIGHT ON THE SOUTH LAWN",https://x.com/WhiteHouse/status/2053087278335946869,0,0,0,0,[],[],1720,1720,2772,2772,0,15411,653471,547,27756,42.47,100.0,47.08,,
2026-05-10T02:46:26.179233+00:00,POTUS,2,2052924312894447914,2026-05-09T01:31:12.000Z,The panicans had yet another week… of being wrong.,The panicans had yet another week… of being wrong.,https://x.com/WhiteHouse/status/2052924312894447914,0,0,0,1,"[""https://pbs.twimg.com/media/HH1zx-1WsAYlZ8_?format=jpg&name=large""]","[""Image""]",3317,3317,3937,3937,0,26138,797221,443,45292,56.81,100.0,47.08,,
2026-05-10T02:46:26.179233+00:00,POTUS,3,2052887305644380532,2026-05-08T23:04:09.000Z,"Happy Mother's Day weekend to all, especially to the 115 THOUSAND AMERICANS who found jobs in the month of April alone!","Happy Mother's Day weekend to all, especially to the 115 THOUSAND AMERICANS who found jobs in the month of April alone!",https://x.com/WhiteHouse/status/2052887305644380532,0,0,0,1,"[""https://pbs.twimg.com/media/HH1SH5QXkAIdywW?format=jpg&name=large""]","[""Image""]",1073,1073,1822,1822,0,8487,248411,140,15770,63.48,100.0,47.08,,
2026-05-10T02:46:26.179233+00:00,POTUS,4,1881408246067744887,2025-01-20T18:27:35.000Z,"AMERICA IS BACK. 

Every single day I will be fighting for you with every breath in my body. I will not rest until we have delivered the strong, safe and prosperous America that our children deserve and that you deserve. This will truly be the golden age of America.","AMERICA IS BACK. 

Every single day I will be fighting for you with every breath in my body. I will not rest until we have delivered the strong, safe and prosperous America that our children deserve and that you deserve. This will truly be the golden age of America.",https://x.com/POTUS/status/1881408246067744887,1,0,0,0,[],[],130099,130099,139355,139355,0,745532,107274944,27452,1496895,13.95,100.0,47.08,,
2026-05-10T02:46:26.179233+00:00,WhiteHouse,1,2053286111833678158,2026-05-10T01:28:51.000Z,God bless the brave men and women of law enforcement and the Secret Service.,God bless the brave men and women of law enforcement and the Secret Service.,https://x.com/DHSgov/status/2053286111833678158,0,0,0,0,[],[],66,66,224,224,0,1122,44716,22,1834,41.01,92.37,48.63,,
2026-05-10T02:46:26.179233+00:00,WhiteHouse,2,2053266698455650605,2026-05-10T00:11:43.000Z,The Trump EPA couldn’t be more excited to be doing our part to MASSIVELY unleash U.S. domestic energy production.,The Trump EPA couldn’t be more excited to be doing our part to MASSIVELY unleash U.S. domestic energy production.,https://x.com/epaleezeldin/status/2053266698455650605,0,0,0,0,[],[],90,90,282,282,0,1786,54259,15,2665,49.12,100.0,48.63,,
2026-05-10T02:46:26.179233+00:00,WhiteHouse,3,2053252668978569510,2026-05-09T23:15:58.000Z,"For 250 years, God has blessed and guided the United States of America.

On May 17, Americans will gather on the National Mall to pray for our nation and rededicate America as One Nation Under God. 

This is a moment history will remember. RSVP FOR REDEDICATE 250 TODAY!","For 250 years, God has blessed and guided the United States of America.

On May 17, Americans will gather on the National Mall to pray for our nation and rededicate America as One Nation Under God. 

This is a moment history will remember. RSVP FOR REDEDICATE 250 TODAY!",https://x.com/Freedom250/status/2053252668978569510,0,0,0,1,"[""https://pbs.twimg.com/media/HH6d9LzW4AE083k.jpg""]",[],167,167,495,495,0,1641,63703,77,3363,52.79,100.0,48.63,,
2026-05-10T02:46:26.179233+00:00,WhiteHouse,4,2053246278591455258,2026-05-09T22:50:34.000Z,"Devastating, left-wing policies out of NYC and Albany are permanently driving New York families and jobs out of state. Every single day, more and more New Yorkers are hitting their breaking point and fleeing to states where their money will go further. It’s difficult to accept why these knucklehead politicians would deliberately drive their own constituents away like this.","Devastating, left-wing policies out of NYC and Albany are permanently driving New York families and jobs out of state. Every single day, more and more New Yorkers are hitting their breaking point and fleeing to states where their money will go further. It’s difficult to accept why these knucklehead politicians would deliberately drive their own constituents away like this.",https://x.com/epaleezeldin/status/2053246278591455258,0,0,0,0,[],[],214,214,806,806,0,3470,94214,50,5874,62.35,100.0,48.63,,
2026-05-10T02:46:26.179233+00:00,realDonaldTrump,1,2028505632123326484,2026-03-02T16:20:05.000Z,,,https://x.com/realDonaldTrump/status/2028505632123326484,1,0,0,0,[],[],153665,153665,84645,84645,0,600506,131559501,53856,1392359,10.58,100.0,43.37,,
2026-05-10T02:46:26.179233+00:00,realDonaldTrump,2,2027651077865157033,2026-02-28T07:44:23.000Z,,,https://x.com/realDonaldTrump/status/2027651077865157033,0,0,0,0,[],[],149675,149675,181955,181955,0,998578,198526263,111997,2147504,10.82,100.0,43.37,,
2026-05-10T02:46:26.179233+00:00,realDonaldTrump,3,2018445404027896054,2026-02-02T22:04:19.000Z,"On behalf of Erin and me, thank you to everyone for the love and support we've received. We both had an unforgettable wedding day, and we'll never forget it. We're humbled and grateful to all.

THANK YOU!","On behalf of Erin and me, thank you to everyone for the love and support we've received. We both had an unforgettable wedding day, and we'll never forget it. We're humbled and grateful to all.

THANK YOU!",https://x.com/DanScavino/status/2018445404027896054,0,0,0,0,[],[],25841,25841,14291,14291,0,94249,36578528,3555,211019,5.77,100.0,43.37,,
2026-05-10T02:46:26.179233+00:00,realDonaldTrump,4,2017734677436445106,2026-01-31T23:00:09.000Z,"Box Office: ‘Melania’ Heads for $8 Million Opening, the Best Showing in a Decade for a Doc","Box Office: ‘Melania’ Heads for $8 Million Opening, the Best Showing in a Decade for a Doc",https://x.com/THR/status/2017734677436445106,0,0,0,0,[],[],8588,8588,5110,5110,0,32366,28366190,818,70804,2.5,100.0,43.37,,
2026-05-10T02:46:26.179233+00:00,federalreserve,1,2052894898635018294,2026-05-08T23:34:19.000Z,"Speech by Governor Waller on Federal Reserve Bank operations at the 
@HooverInst
 Monetary Policy Conference: 
https://
federalreserve.gov/newsevents/spe
ech/waller20260508a.htm
…

Watch live: 
https://
youtube.com/live/SJxWQyIg8
ds?feature=share
…

Learn more about Governor Waller: 
https://
federalreserve.gov/aboutthefed/bi
os/board/waller.htm
…","Speech by Governor Waller on Federal Reserve Bank operations at the 
@HooverInst
 Monetary Policy Conference: 
https://
federalreserve.gov/newsevents/spe
ech/waller20260508a.htm
…

Watch live: 
https://
youtube.com/live/SJxWQyIg8
ds?feature=share
…

Learn more about Governor Waller: 
https://
federalreserve.gov/aboutthefed/bi
os/board/waller.htm
…",https://x.com/federalreserve/status/2052894898635018294,0,1,0,1,"[""https://pbs.twimg.com/card_img/2050846909137391616/n0-7IEPf?format=jpg&name=large""]","[""Board of Governors of the Federal Reserve System""]",15,15,13,13,0,43,16365,8,138,8.43,39.92,47.07,,
2026-05-10T02:46:26.179233+00:00,federalreserve,2,2052893998667468994,2026-05-08T23:30:44.000Z,"Speech by Vice Chair for Supervision Bowman on the migration of corporate lending at the 
@HooverInst
 Monetary Policy Conference: 
https://
federalreserve.gov/newsevents/spe
ech/bowman20260508a.htm
…

Watch live: 
https://
youtube.com/live/SJxWQyIg8
ds?feature=share
…

Learn more about Vice Chair for Supervision Bowman: 
https://
federalreserve.gov/aboutthefed/bi
os/board/bowman.htm
…","Speech by Vice Chair for Supervision Bowman on the migration of corporate lending at the 
@HooverInst
 Monetary Policy Conference: 
https://
federalreserve.gov/newsevents/spe
ech/bowman20260508a.htm
…

Watch live: 
https://
youtube.com/live/SJxWQyIg8
ds?feature=share
…

Learn more about Vice Chair for Supervision Bowman: 
https://
federalreserve.gov/aboutthefed/bi
os/board/bowman.htm
…",https://x.com/federalreserve/status/2052893998667468994,0,1,0,1,"[""https://pbs.twimg.com/card_img/2050499597974532096/p6nyK85G?format=jpg&name=large""]","[""Board of Governors of the Federal Reserve System""]",9,9,14,14,0,38,17692,3,102,5.77,33.17,47.07,,
2026-05-10T02:46:26.179233+00:00,federalreserve,3,2052856614420652333,2026-05-08T21:02:11.000Z,"Approval of related applications by Columbia Bank MHC, and Columbia Financial, Inc.:","Approval of related applications by Columbia Bank MHC, and Columbia Financial, Inc.:",https://x.com/federalreserve/status/2052856614420652333,0,0,0,1,"[""https://pbs.twimg.com/card_img/2050499597974532096/p6nyK85G?format=jpg&name=large""]","[""Board of Governors of the Federal Reserve System""]",9,9,9,9,0,23,13934,2,74,5.31,30.09,47.07,,
2026-05-10T02:46:26.179233+00:00,federalreserve,4,2052844921871102231,2026-05-08T20:15:44.000Z,"Now  available: Weekly data on the H.8 release, Assets and Liabilities of  Commercial Banks in the United States #FedData  
https://
federalreserve.gov/releases/h8/cu
rrent/default.htm
…","Now  available: Weekly data on the H.8 release, Assets and Liabilities of  Commercial Banks in the United States #FedData  
https://
federalreserve.gov/releases/h8/cu
rrent/default.htm
…",https://x.com/federalreserve/status/2052844921871102231,0,1,0,0,[],[],6,6,18,18,0,47,13350,3,110,8.24,37.72,47.07,,
2026-05-10T02:46:26.179233+00:00,SECGov,1,2052852822018806215,2026-05-08T20:47:07.000Z,"For week 2 of our Freedom 250 campaign, we’re highlighting another transformational milestone in the history of our capital markets: the invention of the stock ticker.

A quick history lesson below 

Before stock tickers, brokers relied on messengers running handwritten slips of paper between exchanges and brokerage offices. In 1867, Edward Calahan created a system of telegraphy that converted stock-price signals into stamped codes on ticker tape, significantly speeding up the transfer of information. This new invention brought heightened accuracy and efficiency to a previously slow and more vulnerable stock trading system.

After the technology was adopted by the New York Stock Exchange, the stock ticker quickly became the new operating standard for market participants as the first real-time electronic information network in the United States. It expanded access to price data and inspired new financial strategies.

New ideas and developing technology are key to facilitating market growth and capital formation in an ever-evolving economy. Throughout its history, the SEC has worked to embrace and encourage innovation—not ignore or stifle it—to ensure our financial markets remain the deepest and most liquid in the world.

Here’s to 250 more years of brilliant ideas and American prosperity!  
@Freedom250","For week 2 of our Freedom 250 campaign, we’re highlighting another transformational milestone in the history of our capital markets: the invention of the stock ticker.

A quick history lesson below 

Before stock tickers, brokers relied on messengers running handwritten slips of paper between exchanges and brokerage offices. In 1867, Edward Calahan created a system of telegraphy that converted stock-price signals into stamped codes on ticker tape, significantly speeding up the transfer of information. This new invention brought heightened accuracy and efficiency to a previously slow and more vulnerable stock trading system.

After the technology was adopted by the New York Stock Exchange, the stock ticker quickly became the new operating standard for market participants as the first real-time electronic information network in the United States. It expanded access to price data and inspired new financial strategies.

New ideas and developing technology are key to facilitating market growth and capital formation in an ever-evolving economy. Throughout its history, the SEC has worked to embrace and encourage innovation—not ignore or stifle it—to ensure our financial markets remain the deepest and most liquid in the world.

Here’s to 250 more years of brilliant ideas and American prosperity!  
@Freedom250",https://x.com/SECGov/status/2052852822018806215,0,0,0,1,"[""https://pbs.twimg.com/media/HH0uJOTWoAESE2u?format=jpg&name=large""]","[""Image""]",15,15,15,15,0,68,11799,4,155,13.14,49.15,38.51,,
2026-05-10T02:46:26.179233+00:00,SECGov,2,2052794714215104991,2026-05-08T16:56:13.000Z,"Chairman 
@SECPaulSAtkins
 at today’s 
@scsp_ai
’s #AIExpoDC 

“The SEC will keep moving forward in its work to accommodate markets moving onchain. But as we do, I continue to echo my call for Congress to send the CLARITY Act to President Trump’s desk.” 
 

https://
sec.gov/newsroom/speec
hes-statements/atkins-remarks-scsp-ai-expo-050826
…","Chairman 
@SECPaulSAtkins
 at today’s 
@scsp_ai
’s #AIExpoDC 

“The SEC will keep moving forward in its work to accommodate markets moving onchain. But as we do, I continue to echo my call for Congress to send the CLARITY Act to President Trump’s desk.” 
 

https://
sec.gov/newsroom/speec
hes-statements/atkins-remarks-scsp-ai-expo-050826
…",https://x.com/SECGov/status/2052794714215104991,0,1,0,0,[],[],21,21,64,64,0,267,21874,10,488,22.31,69.25,38.51,,
2026-05-10T02:46:26.179233+00:00,SECGov,3,2052786624283508874,2026-05-08T16:24:04.000Z,"At the AI+ Expo, 
@SECGov
 Chairman 
@SECPaulSAtkins
  addressed the common fear that artificial intelligence represents an ""unprecedented rupture"" in history. His perspective, grounded in the history of U.S. financial markets, offers a much more measured approach.

As Chairman Atkins pointed out, AI is part of a long line of ""mind-aiding instruments"" that have transformed the global economy, from the telegraph to the electronic order book.

While the pace of this innovation is undeniably new, the process of integrating it into our capital markets is a familiar challenge.

Instead of demanding wholly new systems of safeguards, he argues that the path to continued American leadership relies on understanding the technology and making ""careful adjustment and recalibration"" to maintain investor trust.

#sec #AIExpoDC","At the AI+ Expo, 
@SECGov
 Chairman 
@SECPaulSAtkins
  addressed the common fear that artificial intelligence represents an ""unprecedented rupture"" in history. His perspective, grounded in the history of U.S. financial markets, offers a much more measured approach.

As Chairman Atkins pointed out, AI is part of a long line of ""mind-aiding instruments"" that have transformed the global economy, from the telegraph to the electronic order book.

While the pace of this innovation is undeniably new, the process of integrating it into our capital markets is a familiar challenge.

Instead of demanding wholly new systems of safeguards, he argues that the path to continued American leadership relies on understanding the technology and making ""careful adjustment and recalibration"" to maintain investor trust.

#sec #AIExpoDC",https://x.com/scsp_ai/status/2052786624283508874,0,0,0,0,[],[],10,10,15,15,0,44,12808,2,110,8.59,38.31,38.51,,
2026-05-10T02:46:26.179233+00:00,SECGov,4,2051784395917263005,2026-05-05T22:01:34.000Z,"Today, the Division of Trading and Markets granted no-action relief to facilitate the rollout of Trump Accounts while ensuring critical investor protections remain in place.

Trump Accounts present a historic opportunity to change the course of the lives of the next generation by helping Americans save and invest for the future. 

I look forward to continuing to advance this important priority of President 
@realDonaldTrump
 and supporting 
@SecScottBessent
 and my colleagues across the administration to help our next generation build wealth and access the American Dream.","Today, the Division of Trading and Markets granted no-action relief to facilitate the rollout of Trump Accounts while ensuring critical investor protections remain in place.

Trump Accounts present a historic opportunity to change the course of the lives of the next generation by helping Americans save and invest for the future. 

I look forward to continuing to advance this important priority of President 
@realDonaldTrump
 and supporting 
@SecScottBessent
 and my colleagues across the administration to help our next generation build wealth and access the American Dream.",https://x.com/SECPaulSAtkins/status/2051784395917263005,0,0,0,0,[],[],60,60,37,37,0,219,20273,8,497,24.52,69.23,38.51,,
2026-05-10T02:46:26.179233+00:00,USTreasury,1,2052928709351592341,2026-05-09T01:48:40.000Z,"For 250 years, faith and freedom have shaped the American story.

Rededicate 250 on Sunday, May 17 will be a powerful moment of prayer, worship, and gratitude for the blessings God has placed on this nation.

RSVP for Sunday, May 17 in Washington, DC: 
http://
f250.digital/pray","For 250 years, faith and freedom have shaped the American story.

Rededicate 250 on Sunday, May 17 will be a powerful moment of prayer, worship, and gratitude for the blessings God has placed on this nation.

RSVP for Sunday, May 17 in Washington, DC: 
http://
f250.digital/pray",https://x.com/SecScottBessent/status/2052928709351592341,0,0,0,0,[],[],1324,1324,3750,3750,0,13776,213919,506,26766,125.12,100.0,39.46,,
2026-05-10T02:46:26.179233+00:00,USTreasury,2,2052879083734737381,2026-05-08T22:31:28.000Z,,,https://x.com/USTreasury/status/2052879083734737381,0,0,0,1,"[""https://pbs.twimg.com/card_img/2052197439898071042/NqNmI_3q?format=jpg&name=large""]","[""U.S. Department of the Treasury""]",6,6,55,55,0,235,20002,10,393,19.65,66.72,39.46,,
2026-05-10T02:46:26.179233+00:00,USTreasury,3,2052879079943082384,2026-05-08T22:31:27.000Z,"Today, as part of Economic Fury, Treasury’s Office of Foreign Assets Control (OFAC) targeted 10 individuals and companies based in several jurisdictions across the Middle East, Asia, and Eastern Europe that are enabling efforts by Iran’s military to secure weapons, as well as raw materials with applications in Iran’s Shahed‑series unmanned aerial vehicles and ballistic missile program.","Today, as part of Economic Fury, Treasury’s Office of Foreign Assets Control (OFAC) targeted 10 individuals and companies based in several jurisdictions across the Middle East, Asia, and Eastern Europe that are enabling efforts by Iran’s military to secure weapons, as well as raw materials with applications in Iran’s Shahed‑series unmanned aerial vehicles and ballistic missile program.",https://x.com/USTreasury/status/2052879079943082384,0,0,0,0,[],[],85,85,557,557,0,2419,570820,93,4067,7.12,100.0,39.46,,
2026-05-10T02:46:26.179233+00:00,USTreasury,4,2052860483640734131,2026-05-08T21:17:34.000Z,"Today, Treasury’s Office of Foreign Assets Control (OFAC) updated the names and details associated with Kovay Gardens, a Mexican timeshare resort sanctioned by OFAC in February 2026 for defrauding Americans on behalf of the terrorist Cartel de Jalisco Nueva Generacion.

In an attempt to further evade sanctions and continue defrauding victims, Kovay Gardens is now using the following aliases: (1) Navira Villas & Residences and (2) Marina Oasis Beachfront Resort.

Treasury is alerting U.S. persons to be vigilant and aware that these aliases represent a U.S.-sanctioned entity that is attempting to scam Americans.","Today, Treasury’s Office of Foreign Assets Control (OFAC) updated the names and details associated with Kovay Gardens, a Mexican timeshare resort sanctioned by OFAC in February 2026 for defrauding Americans on behalf of the terrorist Cartel de Jalisco Nueva Generacion.

In an attempt to further evade sanctions and continue defrauding victims, Kovay Gardens is now using the following aliases: (1) Navira Villas & Residences and (2) Marina Oasis Beachfront Resort.

Treasury is alerting U.S. persons to be vigilant and aware that these aliases represent a U.S.-sanctioned entity that is attempting to scam Americans.",https://x.com/USTreasury/status/2052860483640734131,0,0,0,0,[],[],16,16,280,280,0,652,26668,33,1359,50.96,84.64,39.46,,
2026-05-10T02:46:26.179233+00:00,CFTC,1,2052766883502276864,2026-05-08T15:05:38.000Z,".
@CFTC
 Issues Proposed Rule to Modify Clearing Requirement for Canadian Dollar- and Mexican Peso-Denominated Interest Rate Swaps:",".
@CFTC
 Issues Proposed Rule to Modify Clearing Requirement for Canadian Dollar- and Mexican Peso-Denominated Interest Rate Swaps:",https://x.com/CFTC/status/2052766883502276864,0,0,0,1,"[""https://pbs.twimg.com/card_img/2052584625076043780/BHX7CJAZ?format=png&name=large""]",[],0,0,8,8,0,28,3227,3,53,16.42,47.66,39.57,,
2026-05-10T02:46:26.179233+00:00,CFTC,2,2052055798961082677,2026-05-06T16:00:02.000Z,"This week, the 
@CFTC
 recognizes the power of Main Street during national #SmallBusinessWeek. The Commission is proud to support #SmallBiz as they are the backbone of our nation’s economy.","This week, the 
@CFTC
 recognizes the power of Main Street during national #SmallBusinessWeek. The Commission is proud to support #SmallBiz as they are the backbone of our nation’s economy.",https://x.com/CFTC/status/2052055798961082677,0,0,0,1,"[""https://pbs.twimg.com/media/HHlTJsgXAAIJX7f?format=jpg&name=large""]","[""Image""]",0,0,1,1,0,8,1568,1,13,8.29,26.48,39.57,,
2026-05-10T02:46:26.179233+00:00,CFTC,3,2052027141009666492,2026-05-06T14:06:09.000Z,".
@CFTC
 Orders New York Trader to Pay $200,000 for Spoofing:",".
@CFTC
 Orders New York Trader to Pay $200,000 for Spoofing:",https://x.com/CFTC/status/2052027141009666492,0,0,0,1,"[""https://pbs.twimg.com/card_img/2050042841322127360/WhKuqHCh?format=png&name=large""]",[],21,21,25,25,0,54,10672,8,191,17.9,58.98,39.57,,
2026-05-10T02:46:26.179233+00:00,CFTC,4,2051663204540141753,2026-05-05T14:00:00.000Z,"Criminals impersonating government agencies, including 
@CFTC
, are on the rise. In 2025, Americans reported over $3.5 billion in losses to these scams. Visit 
https://
cftc.gov/LearnAndProtec
t/AdvisoriesAndArticles/Beware_Imposters
… to learn how to protect yourself from fraudsters posing as 
@CFTC
 staff.","Criminals impersonating government agencies, including 
@CFTC
, are on the rise. In 2025, Americans reported over $3.5 billion in losses to these scams. Visit 
https://
cftc.gov/LearnAndProtec
t/AdvisoriesAndArticles/Beware_Imposters
… to learn how to protect yourself from fraudsters posing as 
@CFTC
 staff.",https://x.com/CFTC/status/2051663204540141753,0,1,0,1,"[""https://pbs.twimg.com/media/HHf2i7BXcAEd_Oi?format=jpg&name=large""]","[""Image""]",0,0,7,7,0,13,1775,3,36,20.28,47.49,39.57,,
2026-05-10T02:46:26.179233+00:00,TheJusticeDept,1,2052910582639063365,2026-05-09T00:36:38.000Z,".
@AAGShumate
 on denaturalizing immigrants who fraudulently obtained U.S. citizenship:

“Under 
@POTUS
’s leadership, we've secured the border, and now we're focusing on getting people out of our country who have lied and defrauded the United States and have no business maintaining U.S. citizenship.”",".
@AAGShumate
 on denaturalizing immigrants who fraudulently obtained U.S. citizenship:

“Under 
@POTUS
’s leadership, we've secured the border, and now we're focusing on getting people out of our country who have lied and defrauded the United States and have no business maintaining U.S. citizenship.”",https://x.com/TheJusticeDept/status/2052910582639063365,0,0,0,0,[],[],222,222,1068,1068,0,4000,73440,91,7075,96.34,100.0,40.36,,
2026-05-10T02:46:26.179233+00:00,TheJusticeDept,2,2052889700730327132,2026-05-08T23:13:40.000Z,"Four Defendants Convicted in Plot to Kill Haitian President Jovenel Moïse

“These defendants conspired to replace and ultimately to assassinate Haitian President Jovenel Moïse,” said Assistant Attorney General for National Security John A. Eisenberg.  “Using U.S. soil as a staging ground for a violent plot overseas is a grave violation of our laws and, more fundamentally, our sovereignty.  We commend the investigative and prosecution team for their exceptional work.”

Read more: 
https://
justice.gov/opa/pr/four-de
fendants-convicted-plot-kill-haitian-president-jovenel-moise
…","Four Defendants Convicted in Plot to Kill Haitian President Jovenel Moïse

“These defendants conspired to replace and ultimately to assassinate Haitian President Jovenel Moïse,” said Assistant Attorney General for National Security John A. Eisenberg.  “Using U.S. soil as a staging ground for a violent plot overseas is a grave violation of our laws and, more fundamentally, our sovereignty.  We commend the investigative and prosecution team for their exceptional work.”

Read more: 
https://
justice.gov/opa/pr/four-de
fendants-convicted-plot-kill-haitian-president-jovenel-moise
…",https://x.com/DOJNatSec/status/2052889700730327132,0,1,0,1,"[""https://pbs.twimg.com/media/HH1UTdbXkAk6vxv?format=jpg&name=large"", ""https://pbs.twimg.com/media/HH1UTd0WAAIYHDZ?format=jpg&name=large"", ""https://pbs.twimg.com/media/HH1UTdcWAAMcwKV?format=jpg&name=large"", ""https://pbs.twimg.com/media/HH1UTdfWUAUeBUw?format=jpg&name=large""]","[""Image""]",24,24,196,196,0,522,40664,50,1136,27.94,82.91,40.36,,
2026-05-10T02:46:26.179233+00:00,TheJusticeDept,3,2052845130537910313,2026-05-08T20:16:33.000Z,"Four men were convicted by a federal jury for orchestrating the 2021 assassination plot against Haitian President Jovenel Moïse — a conspiracy fueled by greed, power, and violence. Prosecutors say the group recruited mercenaries, supplied weapons and tactical gear, and helped carry out the deadly attack that destabilized Haiti for years.
Those who plan and finance political violence will be found, prosecuted, and held accountable.","Four men were convicted by a federal jury for orchestrating the 2021 assassination plot against Haitian President Jovenel Moïse — a conspiracy fueled by greed, power, and violence. Prosecutors say the group recruited mercenaries, supplied weapons and tactical gear, and helped carry out the deadly attack that destabilized Haiti for years.
Those who plan and finance political violence will be found, prosecuted, and held accountable.",https://x.com/USAO_SDFL/status/2052845130537910313,0,0,0,1,"[""https://pbs.twimg.com/media/HH0rqU9WMAANdXy?format=jpg&name=large"", ""https://pbs.twimg.com/media/HH0pfeJWUAA-Vhc?format=jpg&name=large"", ""https://pbs.twimg.com/media/HH0rGZ4WwAgyiCn?format=jpg&name=large""]","[""Graphic reading: “Four Defendants Convicted in Plot to Kill Haitian President Jovenel Moïse” accompanied by a photo a gun used in the act."", ""Graphic reading, “This verdict delivers justice for the assassination of President Jovenel Moïse and holds accountable those who helped turn South Florida into a staging ground for a deadly foreign plot. These defendants pursued power, influence, and profit through violence. They supported a conspiracy that crossed borders, destabilized a friendly nation, and ended with the murder of a sitting president. The jury has spoken, and the rule of law has answered.”\n\n-U.S. ATTORNEY JASON A. REDING QUINONES MAY 8, 2026\"""", ""22-cr-20104""]",17,17,77,77,0,259,10229,10,494,48.29,67.28,40.36,,
2026-05-10T02:46:26.179233+00:00,TheJusticeDept,4,2052840607576404279,2026-05-08T19:58:35.000Z,"This week the Fraud Division continued to advance its mission to fight fraud and protect taxpayers. Our enforcement actions from across the country represent nearly $1 BILLION in fraud.

Read more: 
https://
justice.gov/opa/pr/fraud-d
ivision-announces-enforcement-actions-across-country-representing-nearly-1-billion
…","This week the Fraud Division continued to advance its mission to fight fraud and protect taxpayers. Our enforcement actions from across the country represent nearly $1 BILLION in fraud.

Read more: 
https://
justice.gov/opa/pr/fraud-d
ivision-announces-enforcement-actions-across-country-representing-nearly-1-billion
…",https://x.com/DOJFraudDiv/status/2052840607576404279,0,1,0,1,"[""https://pbs.twimg.com/media/HH0moP7XUAQEzcc?format=jpg&name=large"", ""https://pbs.twimg.com/media/HH0mr-lXcAAvlGJ?format=jpg&name=large""]","[""Image""]",72,72,159,159,0,651,22263,17,1236,55.52,82.37,40.36,,
2026-05-10T02:46:26.179233+00:00,JPMorgan,1,2052840963719024790,2026-05-08T20:00:00.000Z,"What is a low hire, low fire economy? And what does April's Job Report mean for the labor market?

Mike Feroli, #JPMorgan’s chief U.S. Economist, breaks down what's behind the numbers.","What is a low hire, low fire economy? And what does April's Job Report mean for the labor market?

Mike Feroli, #JPMorgan’s chief U.S. Economist, breaks down what's behind the numbers.",https://x.com/jpmorgan/status/2052840963719024790,0,0,0,0,[],[],6,6,7,7,0,16,5433,1,51,9.39,34.51,37.69,,
2026-05-10T02:46:26.179233+00:00,JPMorgan,2,2049119269657440499,2026-04-28T13:31:19.000Z,"Passing the torch—and turning up the impact. 

We’re honored to share JPMorganChase is the first Global Banking Partner in Olympic & Paralympic history and the Official Bank of Team USA and the LA28 Olympic & Paralympic Games. Through these landmark partnerships, we’ll unlock even more opportunities to help make dreams happen for athletes and communities across the globe.  
http://
spr.ly/6013BBMoTh","Passing the torch—and turning up the impact. 

We’re honored to share JPMorganChase is the first Global Banking Partner in Olympic & Paralympic history and the Official Bank of Team USA and the LA28 Olympic & Paralympic Games. Through these landmark partnerships, we’ll unlock even more opportunities to help make dreams happen for athletes and communities across the globe.  
http://
spr.ly/6013BBMoTh",https://x.com/jpmorgan/status/2049119269657440499,0,0,0,1,"[""https://pbs.twimg.com/media/HG_vHXdXEAAKyXR.jpg""]",[],95,95,36,36,0,79,84463,10,466,5.52,49.67,37.69,,
2026-05-10T02:46:26.179233+00:00,JPMorgan,3,2046591969904775365,2026-04-21T14:08:44.000Z,"Today, JPMorganChase announced the expansion of our $1.5 trillion, 10-year Security and Resiliency Initiative (SRI) across Europe, building on momentum in the U.S. and plans for growth in the U.K. 
 
SRI is focused on supporting the critical industries that keep economies moving and strengthening the supply chains that underpin economic security and shared growth. 
http://
spr.ly/6015BBBjEW","Today, JPMorganChase announced the expansion of our $1.5 trillion, 10-year Security and Resiliency Initiative (SRI) across Europe, building on momentum in the U.S. and plans for growth in the U.K. 
 
SRI is focused on supporting the critical industries that keep economies moving and strengthening the supply chains that underpin economic security and shared growth. 
http://
spr.ly/6015BBBjEW",https://x.com/jpmorgan/status/2046591969904775365,0,0,0,1,"[""https://pbs.twimg.com/media/HGb0jQXW8AA7KBp?format=jpg&name=large""]","[""Image""]",51,51,25,25,0,67,43284,6,288,6.65,44.69,37.69,,
2026-05-10T02:46:26.179233+00:00,JPMorgan,4,2046242329833476405,2026-04-20T14:59:23.000Z,"Learn why transaction volumes for private market secondaries have hit fresh highs. 
http://
spr.ly/6018B6hmxa","Learn why transaction volumes for private market secondaries have hit fresh highs. 
http://
spr.ly/6018B6hmxa",https://x.com/jpmorgan/status/2046242329833476405,0,0,0,1,"[""https://pbs.twimg.com/media/HGW2jjXWEAEEIMD?format=jpg&name=large""]","[""Image""]",15,15,14,14,0,54,25145,5,142,5.65,35.81,37.69,,
2026-05-10T02:46:26.179233+00:00,BlackRock,1,2052859507726790900,2026-05-08T21:13:41.000Z,"Periods of disruption can test even the most resilient economies. But they can also highlight underlying strengths. On the ground in Dubai, Ehsan Khoman, Economist at the BlackRock Investment Institute, unpacks how the UAE is navigating recovery after the Middle East conflict disrupted daily life – and what it may take to rebuild momentum. 

Watch the latest episode of #BIIOntheground and read more in our Global Insights blog: 
https://
1blk.co/4fcatFH","Periods of disruption can test even the most resilient economies. But they can also highlight underlying strengths. On the ground in Dubai, Ehsan Khoman, Economist at the BlackRock Investment Institute, unpacks how the UAE is navigating recovery after the Middle East conflict disrupted daily life – and what it may take to rebuild momentum. 

Watch the latest episode of #BIIOntheground and read more in our Global Insights blog: 
https://
1blk.co/4fcatFH",https://x.com/BlackRock/status/2052859507726790900,0,0,0,0,[],[],5,5,16,16,0,35,9025,6,100,11.08,41.91,37.82,,
2026-05-10T02:46:26.179233+00:00,BlackRock,2,2052827572711362932,2026-05-08T19:06:47.000Z,"Learn more in our outlook: 
https://
1blk.co/4widU3X","Learn more in our outlook: 
https://
1blk.co/4widU3X",https://x.com/BlackRock/status/2052827572711362932,0,0,0,1,"[""https://pbs.twimg.com/media/HHuWr6bWUAMmywu.jpg""]",[],10,10,10,10,0,28,10915,4,90,8.25,36.21,37.82,,
2026-05-10T02:46:26.179233+00:00,BlackRock,3,2052771140121063668,2026-05-08T15:22:33.000Z,"The retirement landscape is shifting globally. From the decline of pensions to the rise of defined contribution plans, investors are navigating more complex decisions around saving, investing, and income. 

On this episode of The Bid #podcast, Nick Nefouse joins host Oscar Pulido to break down what’s changing and why it matters. 

 Listen: 
https://
1blk.co/4db1F0f","The retirement landscape is shifting globally. From the decline of pensions to the rise of defined contribution plans, investors are navigating more complex decisions around saving, investing, and income. 

On this episode of The Bid #podcast, Nick Nefouse joins host Oscar Pulido to break down what’s changing and why it matters. 

 Listen: 
https://
1blk.co/4db1F0f",https://x.com/BlackRock/status/2052771140121063668,0,0,0,1,"[""https://pbs.twimg.com/media/HHzoeO1XUAMKFdG.jpg""]",[],8,8,9,9,0,47,8449,2,95,11.24,41.81,37.82,,
2026-05-10T02:46:26.179233+00:00,BlackRock,4,2051371074752004518,2026-05-04T18:39:11.000Z,"Watch the conversation live at #MIGlobal: 
https://
milkeninstitute.org/content-hub/ev
ent-panels/rise-institutional-private-capital
…

The new era for global markets is shaped by rising sovereign debt, tighter liquidity, geopolitical fragmentation, and the rapid expansion of private credit. HPS’s Madelaine O’Connell shares how institutional investors are approaching private capital in their portfolios and the evolving balance between public and private capital.","Watch the conversation live at #MIGlobal: 
https://
milkeninstitute.org/content-hub/ev
ent-panels/rise-institutional-private-capital
…

The new era for global markets is shaped by rising sovereign debt, tighter liquidity, geopolitical fragmentation, and the rapid expansion of private credit. HPS’s Madelaine O’Connell shares how institutional investors are approaching private capital in their portfolios and the evolving balance between public and private capital.",https://x.com/BlackRock/status/2051371074752004518,0,1,0,1,"[""https://pbs.twimg.com/media/HHfvGrmXYAEZf6W?format=jpg&name=large""]","[""Image""]",22,22,8,8,0,38,29367,3,129,4.39,33.23,37.82,,
2026-05-10T02:46:26.179233+00:00,iShares,1,2052468368616149236,2026-05-07T19:19:26.000Z,"Ever feel like you don’t know where to start with investing?

Have questions you need answered? 

We made a space to answer that  r/iShares

You can ask the people behind iShares and get some answers you may have been looking for. 

Join the conversation: 
https://
ishars.com/4wlJWMw

#Investing #ETFs #Finance","Ever feel like you don’t know where to start with investing?

Have questions you need answered? 

We made a space to answer that  r/iShares

You can ask the people behind iShares and get some answers you may have been looking for. 

Join the conversation: 
https://
ishars.com/4wlJWMw

#Investing #ETFs #Finance",https://x.com/iShares/status/2052468368616149236,0,0,0,1,"[""https://pbs.twimg.com/media/HHvVGrVXkAQYHi1.png""]",[],2,2,1,1,0,2,768,0,10,13.02,34.47,34.46,,
2026-05-10T02:46:26.179233+00:00,iShares,2,2052399741619589332,2026-05-07T14:46:44.000Z,"April saw over $173B flow into ETFs & ETPs - a 60%+ jump from March. So, where did the money go?  

Here are four product ideas we have for April’s key themes: 

TOPT  
https://
ishars.com/4dtGAzn 
SGOV  
https://
ishars.com/48NDFz7  
IAU  
https://
ishars.com/4ur42Ty 
ETHB  
https://
ishars.com/49kEvDv 

Go deeper with Inside the Market  
https://
ishars.com/3P8BsY8 

#ETF #investing #markettrends","April saw over $173B flow into ETFs & ETPs - a 60%+ jump from March. So, where did the money go?  

Here are four product ideas we have for April’s key themes: 

TOPT  
https://
ishars.com/4dtGAzn 
SGOV  
https://
ishars.com/48NDFz7  
IAU  
https://
ishars.com/4ur42Ty 
ETHB  
https://
ishars.com/49kEvDv 

Go deeper with Inside the Market  
https://
ishars.com/3P8BsY8 

#ETF #investing #markettrends",https://x.com/iShares/status/2052399741619589332,0,0,0,1,"[""https://pbs.twimg.com/media/HHuWr6bWUAMmywu.jpg""]",[],2,2,2,2,0,2,11586,0,12,1.04,15.92,34.46,,
2026-05-10T02:46:26.179233+00:00,iShares,3,1930642489544736804,2025-06-05T15:06:53.000Z,"We’re proud to launch our new global iShares brand campaign: The Market Is Yours.

As we celebrate 25 years of the iShares brand, we’re reaffirming our goal to empower every investor to take financial ownership, because investing should be accessible and for everyone.

Learn more about the campaign here: 
https://
ishars.com/3ZTzPzJ","We’re proud to launch our new global iShares brand campaign: The Market Is Yours.

As we celebrate 25 years of the iShares brand, we’re reaffirming our goal to empower every investor to take financial ownership, because investing should be accessible and for everyone.

Learn more about the campaign here: 
https://
ishars.com/3ZTzPzJ",https://x.com/iShares/status/1930642489544736804,1,0,0,0,[],[],26,26,11,11,0,37,16482,7,158,9.59,43.08,34.46,,
2026-05-10T02:46:26.179233+00:00,Fidelity,1,1724778264248328308,2023-11-15T13:15:57.000Z,"Market volatility happens. When preparing for the future, consider whether your stock and bond mix matches your tolerance for risk: 
https://
go.fidelity.com/eey6q3","Market volatility happens. When preparing for the future, consider whether your stock and bond mix matches your tolerance for risk: 
https://
go.fidelity.com/eey6q3",https://x.com/Fidelity/status/1724778264248328308,0,0,0,1,"[""https://pbs.twimg.com/media/F--ksOFWoAAv0VU?format=jpg&name=large""]","[""Image""]",1403,1403,237,237,0,527,294513,64,5402,18.34,100.0,37.17,,
2026-05-10T02:46:26.179233+00:00,Fidelity,2,1724404467578093725,2023-11-14T12:30:37.000Z,"A Fidelity Sector Portfolio Manager discusses recent macro themes and near- and long-term outlooks for the surging consumer discretionary sector. Learn more in this 4-minute read: 
https://
go.fidelity.com/qu14mh","A Fidelity Sector Portfolio Manager discusses recent macro themes and near- and long-term outlooks for the surging consumer discretionary sector. Learn more in this 4-minute read: 
https://
go.fidelity.com/qu14mh",https://x.com/Fidelity/status/1724404467578093725,0,0,0,1,"[""https://pbs.twimg.com/media/F-5QuPRW0AAFbRj?format=png&name=large""]","[""Image""]",288,288,58,58,0,192,185029,15,1217,6.58,68.79,37.17,,
2026-05-10T02:46:26.179233+00:00,Fidelity,3,1723687255326306444,2023-11-12T13:00:40.000Z,"Fun facts: an HSA can be used to pay for  near-term medical expenses  medical expenses in retirement, and  everyday items like contact lenses or over-the-counter drugs. Learn more here: 
https://
go.fidelity.com/bwfwvq","Fun facts: an HSA can be used to pay for  near-term medical expenses  medical expenses in retirement, and  everyday items like contact lenses or over-the-counter drugs. Learn more here: 
https://
go.fidelity.com/bwfwvq",https://x.com/Fidelity/status/1723687255326306444,0,0,0,1,"[""https://pbs.twimg.com/media/F-vEbEIXYAE-2We?format=jpg&name=large""]","[""Image""]",135,135,60,60,0,185,138704,25,785,5.66,58.64,37.17,,
2026-05-10T02:46:26.179233+00:00,Fidelity,4,1723317313900834844,2023-11-11T12:30:39.000Z,"After a volatile two weeks in late October, stocks have rallied for the second week in a row. Here's what happened and what's coming up: 
https://
go.fidelity.com/4wcfb8","After a volatile two weeks in late October, stocks have rallied for the second week in a row. Here's what happened and what's coming up: 
https://
go.fidelity.com/4wcfb8",https://x.com/Fidelity/status/1723317313900834844,0,0,0,1,"[""https://pbs.twimg.com/media/F-pz9tqX0AA6kJ9?format=png&name=large""]","[""Image""]",89,89,39,39,0,119,92838,5,479,5.16,49.66,37.17,,
2026-05-10T02:46:26.179233+00:00,MicroStrategy,1,1919743078342021358,2025-05-06T13:16:31.000Z,"“We have outperformed every S&P 500 company in the world..3x NVIDIA’s performance in the last 5 years. We have increased our balance sheet one thousand times.

This represents the digital transformation of our company.”

-Phong Le, #StrategyWorld25","“We have outperformed every S&P 500 company in the world..3x NVIDIA’s performance in the last 5 years. We have increased our balance sheet one thousand times.

This represents the digital transformation of our company.”

-Phong Le, #StrategyWorld25",https://x.com/MicroStrategy/status/1919743078342021358,0,0,0,1,"[""https://pbs.twimg.com/media/GqRMJ4IXMAAZwx5?format=jpg&name=large""]","[""Image""]",42,42,272,272,0,1670,74525,43,2469,33.13,100.0,43.5,,
2026-05-10T02:46:26.179233+00:00,MicroStrategy,2,1631366897378680835,2023-03-02T18:52:32.000Z,"We have a loan from Silvergate not due until Q1 ‘25. There are mkt concerns re SI’s fin. condition. For anyone wondering, the loan wouldn’t accelerate b/c of SI insolvency or bankruptcy. Our BTC collateral isn’t custodied w/ SI & we have no other financial relationship w/ SI.","We have a loan from Silvergate not due until Q1 ‘25. There are mkt concerns re SI’s fin. condition. For anyone wondering, the loan wouldn’t accelerate b/c of SI insolvency or bankruptcy. Our BTC collateral isn’t custodied w/ SI & we have no other financial relationship w/ SI.",https://x.com/MicroStrategy/status/1631366897378680835,0,0,0,0,[],[],100,100,257,257,0,1532,758317,36,2454,3.24,81.02,43.5,,
2026-05-10T02:46:26.179233+00:00,MicroStrategy,3,1488602965317357568,2022-02-01T19:59:38.000Z,"Listen in to 
@saylor
 and 
@LynAldenContact
 on #bitcoin outlook @ our #bitcoin for corporations event.


https://
x.com/i/broadcasts/1
ynKOZPRqLkxR
…","Listen in to 
@saylor
 and 
@LynAldenContact
 on #bitcoin outlook @ our #bitcoin for corporations event.


https://
x.com/i/broadcasts/1
ynKOZPRqLkxR
…",https://x.com/MicroStrategy/status/1488602965317357568,0,1,0,0,[],[],204,204,472,472,0,1524,0,154,3542,0.0,59.51,43.5,,
2026-05-10T02:46:26.179233+00:00,MicroStrategy,4,1484185366781329418,2022-01-20T15:25:40.000Z,"Our CEO 
@saylor
 and 
@jack
 will be keynote speakers at our 2nd Annual #Bitcoin for Corporations. Don't miss this event. Register today. 


https://
microstrategy.com/en/world-2022/
bitcoin-for-corporations
…","Our CEO 
@saylor
 and 
@jack
 will be keynote speakers at our 2nd Annual #Bitcoin for Corporations. Don't miss this event. Register today. 


https://
microstrategy.com/en/world-2022/
bitcoin-for-corporations
…",https://x.com/MicroStrategy/status/1484185366781329418,0,1,1,1,"[""https://pbs.twimg.com/media/FJjhbKrVEAMm6FA?format=png&name=large""]","[""Image""]",57,57,326,326,0,2653,0,21,3539,0.0,59.49,43.5,,
2026-05-10T02:46:26.179233+00:00,saylor,1,2040438683380146574,2026-04-04T14:37:46.000Z,"Bitcoin has won. Global consensus is that 
$BTC
 is digital capital. The four-year cycle is dead. Price is now driven by capital flows. Bank and digital credit will determine Bitcoin’s growth trajectory. The biggest risk is bad ideas driving iatrogenic protocol changes.","Bitcoin has won. Global consensus is that 
$BTC
 is digital capital. The four-year cycle is dead. Price is now driven by capital flows. Bank and digital credit will determine Bitcoin’s growth trajectory. The biggest risk is bad ideas driving iatrogenic protocol changes.",https://x.com/saylor/status/2040438683380146574,1,0,0,0,[],[],2757,2757,4346,4346,0,27488,2786309,1416,48699,17.48,100.0,41.76,,
2026-05-10T02:46:26.179233+00:00,saylor,2,1899524586531647826,2025-03-11T18:15:27.000Z,₿ig things are coming.,₿ig things are coming.,https://x.com/saylor/status/1899524586531647826,0,0,0,0,[],[],5455,5455,8646,8646,0,65349,5043608,1009,102033,20.23,100.0,41.76,,
2026-05-10T02:46:26.179233+00:00,saylor,3,1896978713792987498,2025-03-04T17:39:04.000Z,"I have been invited to the Digital Assets Summit at the White House this Friday, hosted by the President.","I have been invited to the Digital Assets Summit at the White House this Friday, hosted by the President.",https://x.com/saylor/status/1896978713792987498,0,0,0,0,[],[],4259,4259,6481,6481,0,64351,2690524,849,92637,34.43,100.0,41.76,,
2026-05-10T02:46:26.179233+00:00,saylor,4,1887229546199462309,2025-02-05T19:59:21.000Z,"New ₿rand, Same Strategy","New ₿rand, Same Strategy",https://x.com/saylor/status/1887229546199462309,0,0,0,1,"[""https://pbs.twimg.com/media/GjDIyreXUAATkHd?format=jpg&name=large""]","[""Image""]",3013,3013,6287,6287,0,66133,2716884,1057,90917,33.46,100.0,41.76,,
2026-05-10T02:46:26.179233+00:00,binance,1,2053263972355162276,2026-05-10T00:00:53.000Z,"interventon by cat: binance off, grass on","interventon by cat: binance off, grass on",https://x.com/binance/status/2053263972355162276,0,0,0,1,"[""https://pbs.twimg.com/media/HH6oszMW0AYBRsa?format=jpg&name=large""]","[""Image""]",251,251,76,76,0,521,47070,12,1462,31.06,87.97,44.47,,
2026-05-10T02:46:26.179233+00:00,binance,2,2053218552048410670,2026-05-09T21:00:24.000Z,"ICYMI: Futures updates are here.

 Drag-and-drop Conditional Orders directly on the chart
 Updated Price Index calculation for Commodity TradFi Perps
 Estimated Liquidation Price now available for Isolated Orders

Trade Futures today → 
https://
binance.com/en/futures/XAU
USDT
…","ICYMI: Futures updates are here.

 Drag-and-drop Conditional Orders directly on the chart
 Updated Price Index calculation for Commodity TradFi Perps
 Estimated Liquidation Price now available for Isolated Orders

Trade Futures today → 
https://
binance.com/en/futures/XAU
USDT
…",https://x.com/binance/status/2053218552048410670,0,1,0,1,"[""https://pbs.twimg.com/media/HH5_ZCHW4AMTDD5?format=jpg&name=large""]","[""Image""]",81,81,32,32,0,162,35888,3,478,13.32,62.27,44.47,,
2026-05-10T02:46:26.179233+00:00,binance,3,2053173371051884750,2026-05-09T18:00:52.000Z,"Forgot Mother’s Day? 

Turn your crypto into thoughtful gifts in just a few taps with our curated Binance Pay gift guide  

Find out how  
https://
binance.com/en/blog/all/mo
thers-day-gift-guide-find-the-right-gift-with-binance-pay-merchants-6103730790701855106
…","Forgot Mother’s Day? 

Turn your crypto into thoughtful gifts in just a few taps with our curated Binance Pay gift guide  

Find out how  
https://
binance.com/en/blog/all/mo
thers-day-gift-guide-find-the-right-gift-with-binance-pay-merchants-6103730790701855106
…",https://x.com/binance/status/2053173371051884750,0,1,0,1,"[""https://pbs.twimg.com/media/HH5WTJ0WsAYoSAc?format=jpg&name=large""]","[""Image""]",108,108,65,65,0,356,45998,11,843,18.33,78.68,44.47,,
2026-05-10T02:46:26.179233+00:00,binance,4,2053143262022537587,2026-05-09T16:01:13.000Z,"Final hours.

Pick Gold or BTC team. Trade. Share the prize pool.

Don’t miss out 

https://
app.binance.com/activity/tradi
ng-competition/btcvsgold-vol-1?utm_source=social
…","Final hours.

Pick Gold or BTC team. Trade. Share the prize pool.

Don’t miss out 

https://
app.binance.com/activity/tradi
ng-competition/btcvsgold-vol-1?utm_source=social
…",https://x.com/binance/status/2053143262022537587,0,1,0,1,"[""https://pbs.twimg.com/media/HH466kQXEAE6o8b?format=jpg&name=large""]","[""Image""]",112,112,62,62,0,304,46386,4,776,16.73,75.99,44.47,,
2026-05-10T02:46:26.179233+00:00,coinbase,1,2052686304106746066,2026-05-08T09:45:26.000Z,"On May 7th Coinbase experienced service disruptions. Here’s a quick summary of what happened:

→ Around 8PM ET, Coinbase systems flagged high error rates across multiple services.
→ We traced these errors to amazon failures in Availability Zone (use1-az4) in the AWS US-EAST-1 Region.
→ Coinbase systems are designed to be resilient to a single zone outage, and are designed to recover quickly if this happens.
→ In this case, we observed failures impacting multiple AWS zones, which caused an extended outage of core trading services.
→ Coinbase users experienced an extended outage while the AWS team worked to restore temperature controls and other Amazon Managed Services.

This primary issue is now fully resolved - thank you for your patience. If you have any outstanding questions about your account, please reach out to Coinbase Support, we’re ready to help.

Our team will conduct a full analysis. Details may change as our investigation progresses and more information is received from AWS’s official retrospective, once published.","On May 7th Coinbase experienced service disruptions. Here’s a quick summary of what happened:

→ Around 8PM ET, Coinbase systems flagged high error rates across multiple services.
→ We traced these errors to amazon failures in Availability Zone (use1-az4) in the AWS US-EAST-1 Region.
→ Coinbase systems are designed to be resilient to a single zone outage, and are designed to recover quickly if this happens.
→ In this case, we observed failures impacting multiple AWS zones, which caused an extended outage of core trading services.
→ Coinbase users experienced an extended outage while the AWS team worked to restore temperature controls and other Amazon Managed Services.

This primary issue is now fully resolved - thank you for your patience. If you have any outstanding questions about your account, please reach out to Coinbase Support, we’re ready to help.

Our team will conduct a full analysis. Details may change as our investigation progresses and more information is received from AWS’s official retrospective, once published.",https://x.com/CoinbaseSupport/status/2052686304106746066,0,0,0,0,[],[],288,288,126,126,0,381,152886,55,1662,10.87,82.28,43.45,,
2026-05-10T02:46:26.179233+00:00,coinbase,2,2052681190360883700,2026-05-08T09:25:07.000Z,"All markets have been re-enabled for trading on 
http://
coinbase.com & in the Coinbase iOS & Android apps. 

Coinbase customers can log in to trade.","All markets have been re-enabled for trading on 
http://
coinbase.com & in the Coinbase iOS & Android apps. 

Coinbase customers can log in to trade.",https://x.com/CoinbaseSupport/status/2052681190360883700,0,0,0,0,[],[],74,74,38,38,0,168,120295,6,484,4.02,48.66,43.45,,
2026-05-10T02:46:26.179233+00:00,coinbase,3,2052511168929964088,2026-05-07T22:09:31.000Z,Literally watching the Coinbase earnings on my fridge.,Literally watching the Coinbase earnings on my fridge.,https://x.com/coinbase/status/2052511168929964088,0,0,0,1,"[""https://pbs.twimg.com/media/HHv8AswWkAIgPhW?format=jpg&name=large""]","[""Image""]",110,110,43,43,0,269,46235,5,700,15.14,71.4,43.45,,
2026-05-10T02:46:26.179233+00:00,coinbase,4,2052500544774607108,2026-05-07T21:27:18.000Z,"Onchain is the new standard.

The world is moving into crypto, and Coinbase is at the heart of it.

Going live for our Q1 earnings call to share more.","Onchain is the new standard.

The world is moving into crypto, and Coinbase is at the heart of it.

Going live for our Q1 earnings call to share more.",https://x.com/coinbase/status/2052500544774607108,0,0,0,0,[],[],45,45,57,57,0,252,84239,15,546,6.48,53.36,43.45,,
2026-05-10T02:46:26.179233+00:00,Grayscale,1,2053105029394149849,2026-05-09T13:29:18.000Z,"Private placement securities are speculative, illiquid, and entail a high level of risk, including the risk that an investor could lose their entire investment.","Private placement securities are speculative, illiquid, and entail a high level of risk, including the risk that an investor could lose their entire investment.",https://x.com/Grayscale/status/2053105029394149849,0,0,0,0,[],[],2,2,1,1,0,19,5185,0,27,5.21,24.1,47.36,,
2026-05-10T02:46:26.179233+00:00,Grayscale,2,2053105014877614536,2026-05-09T13:29:15.000Z,"Learn more and see important disclosures:

https://
grayscale.com/funds/grayscal
e-bittensor-trust?private
…","Learn more and see important disclosures:

https://
grayscale.com/funds/grayscal
e-bittensor-trust?private
…",https://x.com/Grayscale/status/2053105014877614536,0,1,0,0,[],[],2,2,6,6,0,29,6973,1,50,7.17,30.55,47.36,,
2026-05-10T02:46:26.179233+00:00,Grayscale,3,2053104963140870343,2026-05-09T13:29:02.000Z,"Bittensor's surface area got a lot bigger this week. Canonical 
$TAO
 is now live on 
@solana
 via 
@wormhole
's Sunrise.

Native trading on 
@JupiterExchange
 and 
@MeteoraAG
 

Native support in 
@phantom
 and 
@solflare
 

Grayscale Bittensor Trust (ticker: $GTAO) is open for private placement for eligible accredited investors.","Bittensor's surface area got a lot bigger this week. Canonical 
$TAO
 is now live on 
@solana
 via 
@wormhole
's Sunrise.

Native trading on 
@JupiterExchange
 and 
@MeteoraAG
 

Native support in 
@phantom
 and 
@solflare
 

Grayscale Bittensor Trust (ticker: $GTAO) is open for private placement for eligible accredited investors.",https://x.com/Grayscale/status/2053104963140870343,0,0,0,1,"[""https://pbs.twimg.com/card_img/2052067539874660354/BDzXY09C?format=jpg&name=large""]",[],22,22,115,115,0,550,26869,25,921,34.28,78.15,47.36,,
2026-05-10T02:46:26.179233+00:00,Grayscale,4,2052735473827852584,2026-05-08T13:00:49.000Z,"Grayscale Research: 
@Polymarket
 has CLARITY at ~67% to pass in 2026.

A decade of reg-by-enforcement gets replaced with a clean SEC/CFTC split: investment contracts vs. digital commodities.

Next gate: Senate Banking markup before July recess.

Read the latest from 
@LowBeta
 on the Stack:

https://
grayscale.com/the-stack/the-
clarity-act-where-are-we-now-and-where-do-we-go-next
…","Grayscale Research: 
@Polymarket
 has CLARITY at ~67% to pass in 2026.

A decade of reg-by-enforcement gets replaced with a clean SEC/CFTC split: investment contracts vs. digital commodities.

Next gate: Senate Banking markup before July recess.

Read the latest from 
@LowBeta
 on the Stack:

https://
grayscale.com/the-stack/the-
clarity-act-where-are-we-now-and-where-do-we-go-next
…",https://x.com/Grayscale/status/2052735473827852584,0,1,1,1,"[""https://pbs.twimg.com/media/HHzH3IWbwAAoQvl?format=png&name=large""]","[""Image""]",6,6,83,83,0,218,27183,17,453,16.66,67.44,47.36,,
2026-05-10T02:46:26.179233+00:00,Tether,1,2052671442450362435,2026-05-08T08:46:23.000Z,"The Last Question,
a psychohistory geo-poli-tech summit.
AI, technology, politics, sociology, science and humanity.
Rome 1/2 July 2026.","The Last Question,
a psychohistory geo-poli-tech summit.
AI, technology, politics, sociology, science and humanity.
Rome 1/2 July 2026.",https://x.com/paoloardoino/status/2052671442450362435,0,0,0,1,"[""https://pbs.twimg.com/media/HHyMtIZW0AgdRay?format=jpg&name=large"", ""https://pbs.twimg.com/media/HHyM1SGWoAAXZDb?format=jpg&name=large""]","[""Image""]",19,19,28,28,0,196,16690,12,345,20.67,64.94,47.25,,
2026-05-10T02:46:26.179233+00:00,Tether,2,2052402548212904060,2026-05-07T14:57:53.000Z,"484 builders. 206 submissions. 35 shortlisted. 10 finalists.

One final judge: 
@paoloardoino
.

The winners of Hackathon Galactica are here.","484 builders. 206 submissions. 35 shortlisted. 10 finalists.

One final judge: 
@paoloardoino
.

The winners of Hackathon Galactica are here.",https://x.com/WDK_tether/status/2052402548212904060,0,0,0,1,"[""https://pbs.twimg.com/media/HHuZPaxXQAME6IH?format=jpg&name=large""]","[""Image""]",2,2,9,9,0,47,8563,1,74,8.64,35.5,47.25,,
2026-05-10T02:46:26.179233+00:00,Tether,3,2052399283593269694,2026-05-07T14:44:55.000Z,"Small model. Massive logic. QVAC MedPsy-4B is here.
As our benchmarks show, we are outperforming 27B models while running locally on-device. This is sovereign, private medical intelligence on YOUR hardware.
Superior methodology reverses the parameter gap.

Learn more: 
https://
huggingface.co/blog/qvac/medp
sy
…","Small model. Massive logic. QVAC MedPsy-4B is here.
As our benchmarks show, we are outperforming 27B models while running locally on-device. This is sovereign, private medical intelligence on YOUR hardware.
Superior methodology reverses the parameter gap.

Learn more: 
https://
huggingface.co/blog/qvac/medp
sy
…",https://x.com/qvac/status/2052399283593269694,0,1,0,1,"[""https://pbs.twimg.com/media/HHuWRCFWAAELtCZ?format=jpg&name=large""]","[""Image""]",19,19,43,43,0,357,4050169,68,704,0.17,51.87,47.25,,
2026-05-10T02:46:26.179233+00:00,Tether,4,2052362551275421699,2026-05-07T12:08:05.000Z,"We just released our QVAC MedPsy, Tether AI SoTA medical health AI model, capable of high-performance execution and high-accuracy directly on smartphones, laptops and servers.

Highlights:
- QVAC MedPsy 4B beats MedGemma 27B
- QVAC MedPsy 1.7 beats MedGemma 4B
- 3.2x reduction in response tokens, further increasing efficiency
- fully open-source
- GGUF formats supported
- designed to excel on edge devices
- 100% user privacy

[benchmarked against clinical-style evaluations such as HealthBench Hard, HealthBench, and MedXpertQA]","We just released our QVAC MedPsy, Tether AI SoTA medical health AI model, capable of high-performance execution and high-accuracy directly on smartphones, laptops and servers.

Highlights:
- QVAC MedPsy 4B beats MedGemma 27B
- QVAC MedPsy 1.7 beats MedGemma 4B
- 3.2x reduction in response tokens, further increasing efficiency
- fully open-source
- GGUF formats supported
- designed to excel on edge devices
- 100% user privacy

[benchmarked against clinical-style evaluations such as HealthBench Hard, HealthBench, and MedXpertQA]",https://x.com/paoloardoino/status/2052362551275421699,0,1,1,1,"[""https://pbs.twimg.com/ext_tw_video_thumb/2052359727087042569/pu/img/MoxBtG-tARCcEPm2.jpg""]",[],18,18,29,29,0,188,24270,40,420,17.31,67.6,47.25,,
2026-05-10T02:46:26.179233+00:00,paoloardoino,1,2044024770635636801,2026-04-14T12:07:36.000Z,"Tether Wallet, The People's Wallet

Tether has achieved the widest financial inclusion success story in the history of humanity. 

For more than a decade, Tether has built its company on a simple mission: bringing financial inclusion to the billions of people, primarily living in developing countries, who were left behind by the traditional financial system, those who never had access to basic financial services, and those who live in high-inflation countries.
This number is higher than most think, almost half of the population of the world.
As of March 2026, Tether’s technology is used by more than 570 million people globally, with adoption continuing to accelerate across emerging and developed markets alike, at the pace of tens of millions of new wallets added per quarter.

With tether.wallet, that entire infrastructure, the widest and most granular money distribution network built by humanity, becomes directly accessible to end users for the first time. 

Features: 

- 100% self-custodial with simple backup user experience (one click encrypted secret backup/restore with your cloud account or simply export the 12 words); only you are in control of your funds; no middleman or intermediaries. 

- Assets available: only people need; Bitcoin, Digital Dollars (USDT, USAT) and Gold (XAUT). 

- Bitcoin: on-chain, lightning network and spark support

- USDT/USAT/XAUT: supported blockchain list will expand rapidly within next 30 days; USDT0 is already integrated; soon TW will implement seamless swaps across all chains -> insane user experience

- Send transaction user experience perfected for the people; gasless send for USDT/USAT/XAUT, i.e you don't need to own/buy/deposit gas tokens (ETH, TRON, ...) etc to send assets; the Wallet solves all the complexity for you behind the scenes (via paymaster)

- One address: generate your [at] 
http://
tether.me address to receive/send assets to any other tethered wallet -> unparalleled user experience

- 100% built on WDK by Tether, our open-source Wallet Development Kit

Please share your feedback and thanks for all you support.
We're unstoppable together","Tether Wallet, The People's Wallet

Tether has achieved the widest financial inclusion success story in the history of humanity. 

For more than a decade, Tether has built its company on a simple mission: bringing financial inclusion to the billions of people, primarily living in developing countries, who were left behind by the traditional financial system, those who never had access to basic financial services, and those who live in high-inflation countries.
This number is higher than most think, almost half of the population of the world.
As of March 2026, Tether’s technology is used by more than 570 million people globally, with adoption continuing to accelerate across emerging and developed markets alike, at the pace of tens of millions of new wallets added per quarter.

With tether.wallet, that entire infrastructure, the widest and most granular money distribution network built by humanity, becomes directly accessible to end users for the first time. 

Features: 

- 100% self-custodial with simple backup user experience (one click encrypted secret backup/restore with your cloud account or simply export the 12 words); only you are in control of your funds; no middleman or intermediaries. 

- Assets available: only people need; Bitcoin, Digital Dollars (USDT, USAT) and Gold (XAUT). 

- Bitcoin: on-chain, lightning network and spark support

- USDT/USAT/XAUT: supported blockchain list will expand rapidly within next 30 days; USDT0 is already integrated; soon TW will implement seamless swaps across all chains -> insane user experience

- Send transaction user experience perfected for the people; gasless send for USDT/USAT/XAUT, i.e you don't need to own/buy/deposit gas tokens (ETH, TRON, ...) etc to send assets; the Wallet solves all the complexity for you behind the scenes (via paymaster)

- One address: generate your [at] 
http://
tether.me address to receive/send assets to any other tethered wallet -> unparalleled user experience

- 100% built on WDK by Tether, our open-source Wallet Development Kit

Please share your feedback and thanks for all you support.
We're unstoppable together",https://x.com/paoloardoino/status/2044024770635636801,1,0,0,1,"[""https://pbs.twimg.com/ext_tw_video_thumb/2044023983570403328/pu/img/unljOP0oMlHsOQnA.jpg""]",[],276,276,373,373,0,2269,697143,508,5367,7.7,100.0,39.43,,
2026-05-10T02:46:26.179233+00:00,paoloardoino,2,1908158063216844971,2025-04-04T14:01:48.000Z,BREAKING:  ITALY’S STOCK MARKET PLUNGES OVER 6%,BREAKING:  ITALY’S STOCK MARKET PLUNGES OVER 6%,https://x.com/paoloardoino/status/1908158063216844971,0,0,0,1,"[""https://pbs.twimg.com/media/GnsjpSBXAAAOrz7?format=jpg&name=large""]","[""Image""]",107,107,1439,1439,0,25252,2511250,854,31013,12.35,100.0,39.43,,
2026-05-10T02:46:26.179233+00:00,paoloardoino,3,1615673872044498946,2023-01-18T11:34:03.000Z,,,https://x.com/paoloardoino/status/1615673872044498946,0,0,0,0,[],[],108,108,134,134,0,12302,824928,34,12996,15.75,100.0,39.43,,
2026-05-10T02:46:26.179233+00:00,zachxbt,1,1962485396597776468,2025-09-01T11:59:14.000Z,"NEW LEAK: Price sheet of 200+ crypto influencers and their wallet addresses from a project they were recently contacted by to promote. 

From 160+ accounts who accepted the deal I only saw <5 accounts actually disclose the promotional posts as an advertisement.","NEW LEAK: Price sheet of 200+ crypto influencers and their wallet addresses from a project they were recently contacted by to promote. 

From 160+ accounts who accepted the deal I only saw <5 accounts actually disclose the promotional posts as an advertisement.",https://x.com/zachxbt/status/1962485396597776468,0,0,0,1,"[""https://pbs.twimg.com/media/GzwmECKWQAAkRQd?format=jpg&name=large"", ""https://pbs.twimg.com/media/GzwmECIWAAA3Whf?format=jpg&name=large"", ""https://pbs.twimg.com/media/GzwmECDWEAAuHHI?format=jpg&name=large""]","[""Image""]",5181,5181,8835,8835,0,30910,7767521,14273,106942,13.77,100.0,45.4,,
2026-05-10T02:46:26.179233+00:00,zachxbt,2,1836752923830702392,2024-09-19T13:03:16.000Z,"1/ An investigation into how Greavys (Malone Iam), Wiz (Veer Chetal), and Box (Jeandiel Serrano) stole $243M from a single person last month in a highly sophisticated social engineering attack and my efforts which have helped lead to multiple arrests and millions frozen.","1/ An investigation into how Greavys (Malone Iam), Wiz (Veer Chetal), and Box (Jeandiel Serrano) stole $243M from a single person last month in a highly sophisticated social engineering attack and my efforts which have helped lead to multiple arrests and millions frozen.",https://x.com/zachxbt/status/1836752923830702392,1,0,0,1,"[""https://pbs.twimg.com/media/GX11Ck7XQAAYKiV?format=jpg&name=large"", ""https://pbs.twimg.com/media/GX11Ck2XoAErwlw?format=jpg&name=large""]","[""Image""]",3134,3134,8392,8392,0,41955,14059456,13339,108158,7.69,100.0,45.4,,
2026-05-10T02:46:26.179233+00:00,zachxbt,3,1794179706691969164,2024-05-25T01:32:30.000Z,"coming from the clown who runs a call channel to do undisclosed shills and pump and dump meme coins on followers. 

influencers like you who contribute absolutely nothing and only extract are why this space sucks. 

guess the $800K+ profited from the bundle does not matter or that the founder is sketchy.","coming from the clown who runs a call channel to do undisclosed shills and pump and dump meme coins on followers. 

influencers like you who contribute absolutely nothing and only extract are why this space sucks. 

guess the $800K+ profited from the bundle does not matter or that the founder is sketchy.",https://x.com/zachxbt/status/1794179706691969164,0,0,0,1,"[""https://pbs.twimg.com/media/GOY0624WgAAv_jJ?format=jpg&name=large""]","[""Image""]",178,178,114,114,0,1710,20813235,53,2631,0.13,76.55,45.4,,
2026-05-10T02:46:26.179233+00:00,zachxbt,4,1721519659659186228,2023-11-06T13:27:25.000Z,Fixed the post for you,Fixed the post for you,https://x.com/zachxbt/status/1721519659659186228,0,0,1,1,"[""https://pbs.twimg.com/media/F-QRAadXgAAwynn?format=jpg&name=large""]","[""Image""]",216,216,602,602,0,19653,697033,144,21937,31.47,100.0,45.4,,
2026-05-10T02:46:26.179233+00:00,PeckShieldAlert,1,2010960699766563200,2026-01-13T06:22:47.000Z,"#PeckShieldAlert 2025 has witnessed a record-breaking year for crypto-related theft, driven primarily by systemic vulnerabilities in centralized infrastructure and a strategic shift toward targeted social engineering.

The total loss in 2025 exceeded $4.04B, reflecting a ~34.2% increase  from the $3.01B stolen in 2024.

The breakdown includes:
$2.67B from crypto hacks (~24.2% YoY increase)
$1.37B from scams (~64.2% YoY increase)

Notably, ~$334.9M worth of stolen crypto was recovered or frozen, compared to $488.5M in 2024.","#PeckShieldAlert 2025 has witnessed a record-breaking year for crypto-related theft, driven primarily by systemic vulnerabilities in centralized infrastructure and a strategic shift toward targeted social engineering.

The total loss in 2025 exceeded $4.04B, reflecting a ~34.2% increase  from the $3.01B stolen in 2024.

The breakdown includes:
$2.67B from crypto hacks (~24.2% YoY increase)
$1.37B from scams (~64.2% YoY increase)

Notably, ~$334.9M worth of stolen crypto was recovered or frozen, compared to $488.5M in 2024.",https://x.com/PeckShieldAlert/status/2010960699766563200,1,0,0,1,"[""https://pbs.twimg.com/media/G-hdbzfbUAAm1W5?format=jpg&name=large""]","[""Image""]",15,15,41,41,0,103,45553,32,326,7.16,46.98,52.53,,
2026-05-10T02:46:26.179233+00:00,PeckShieldAlert,2,1985281156259201044,2025-11-03T09:41:27.000Z,"Update: 
@Balancer
 and its forks are under attack, with total losses across multiple chains reaching ~$128.64M so far.","Update: 
@Balancer
 and its forks are under attack, with total losses across multiple chains reaching ~$128.64M so far.",https://x.com/PeckShieldAlert/status/1985281156259201044,0,0,0,1,"[""https://pbs.twimg.com/media/G40inlqbcAAOihW?format=png&name=large""]","[""Image""]",56,56,179,179,0,522,199917,66,1246,6.23,68.9,52.53,,
2026-05-10T02:46:26.179233+00:00,PeckShieldAlert,3,1750443392805306856,2024-01-25T09:00:01.000Z,"#PeckShieldAlert #Phishing #SandwichAttack The address 0x4a8B...C337 has fallen victim to a phishing scheme, resulting in a total loss of approximately $1.1M in 
$LINK
 (expected loss was ~$813K) & $aETHLink ($301K). 
After permitting the 1st phishing attempt, the victim suffered a sandwich attack without slippage protection during the swap of 58.2K 
$LINK
 (worth ~$813K) for 222.4 
$ETH
 (worth ~$494K), leading to a loss of $300K.
The MEV bot received a bribe of 135.56 ETH (equivalent to $301K)","#PeckShieldAlert #Phishing #SandwichAttack The address 0x4a8B...C337 has fallen victim to a phishing scheme, resulting in a total loss of approximately $1.1M in 
$LINK
 (expected loss was ~$813K) & $aETHLink ($301K). 
After permitting the 1st phishing attempt, the victim suffered a sandwich attack without slippage protection during the swap of 58.2K 
$LINK
 (worth ~$813K) for 222.4 
$ETH
 (worth ~$494K), leading to a loss of $300K.
The MEV bot received a bribe of 135.56 ETH (equivalent to $301K)",https://x.com/PeckShieldAlert/status/1750443392805306856,0,0,0,1,"[""https://pbs.twimg.com/media/GErS0nzXcAAkueZ?format=png&name=large"", ""https://pbs.twimg.com/media/GErS6q2WUAAyVC1?format=png&name=large"", ""https://pbs.twimg.com/media/GErS-s1XYAAAPlJ?format=jpg&name=large""]","[""Image""]",6,6,73,73,0,107,11349,44,403,35.51,65.4,52.53,,
2026-05-10T02:46:26.179233+00:00,PeckShieldAlert,4,1633331891347820544,2023-03-08T05:00:43.000Z,"#PeckShieldAlert 49k 
$BTC
 (worth $1 Billion) from wallets related to US Government law enforcement seizures have been transferred to #Coinbase (~9.8k 
$BTC
, worth $217M), bc1qf2…fsv (30k 
$BTC
) & bc1qe7…rdg (9k 
$BTC
) #SilkRoad","#PeckShieldAlert 49k 
$BTC
 (worth $1 Billion) from wallets related to US Government law enforcement seizures have been transferred to #Coinbase (~9.8k 
$BTC
, worth $217M), bc1qf2…fsv (30k 
$BTC
) & bc1qe7…rdg (9k 
$BTC
) #SilkRoad",https://x.com/PeckShieldAlert/status/1633331891347820544,0,0,0,1,"[""https://pbs.twimg.com/media/FqrB4BYaMAEx7Rp?format=jpg&name=large""]","[""Image""]",126,126,812,812,0,1399,1408028,146,3839,2.73,92.42,52.53,,
2026-05-10T02:46:26.179233+00:00,SlowMist_Team,1,1997874045488971778,2025-12-08T03:41:05.000Z,"Recently, we’ve shipped a small but solid update to the Crypto Asset Tracing Handbook! 

Updated version on GitHub:

https://
github.com/slowmist/Crypt
o-Asset-Tracing-Handbook/blob/main/README_EN.md
…

These additions expand the handbook’s coverage of cross-chain and laundering patterns — topics that many readers have been asking for:

More bridge explorer links:
• Squid
• Orbiter
• TeleSwap

 Two new case studies:
• BTC Laundering Loops via Hyperunit
• Cross-Chain Source Analysis via Stargate Finance

If you’ve already read the handbook, this update makes it even more actionable. If you haven’t yet — now’s a great time to dive in.

We’ll keep refining the handbook over time to make on-chain tracing knowledge accessible to everyone in the crypto ecosystem.","Recently, we’ve shipped a small but solid update to the Crypto Asset Tracing Handbook! 

Updated version on GitHub:

https://
github.com/slowmist/Crypt
o-Asset-Tracing-Handbook/blob/main/README_EN.md
…

These additions expand the handbook’s coverage of cross-chain and laundering patterns — topics that many readers have been asking for:

More bridge explorer links:
• Squid
• Orbiter
• TeleSwap

 Two new case studies:
• BTC Laundering Loops via Hyperunit
• Cross-Chain Source Analysis via Stargate Finance

If you’ve already read the handbook, this update makes it even more actionable. If you haven’t yet — now’s a great time to dive in.

We’ll keep refining the handbook over time to make on-chain tracing knowledge accessible to everyone in the crypto ecosystem.",https://x.com/SlowMist_Team/status/1997874045488971778,1,1,0,1,"[""https://pbs.twimg.com/card_img/2053116001970274305/MaeW7gNA?format=jpg&name=large""]",[],28,28,32,32,0,129,93356,102,583,6.24,54.11,51.81,,
2026-05-10T02:46:26.179233+00:00,SlowMist_Team,2,1752284429853380848,2024-01-30T10:55:38.000Z,"SlowMist Security Alert

We detected potential suspicious activity related to 
@MIM_Spell
. 

Stay vigilant!","SlowMist Security Alert

We detected potential suspicious activity related to 
@MIM_Spell
. 

Stay vigilant!",https://x.com/SlowMist_Team/status/1752284429853380848,0,0,0,1,"[""https://pbs.twimg.com/media/GFFdVwUaMAAzRqN?format=png&name=large""]","[""Image""]",9,9,156,156,0,314,56367,134,1055,18.72,82.89,51.81,,
2026-05-10T02:46:26.179233+00:00,SlowMist_Team,3,1628347436782743553,2023-02-22T10:54:16.000Z,"Hey everyone,

Don't let malicious actors get away with your crypto assets. Reach out to us or 
@MistTrack_io
 for support and help in recovering your stolen funds. 

Start Today

https://
aml.slowmist.com/en/recovery-fu
nds.html
…","Hey everyone,

Don't let malicious actors get away with your crypto assets. Reach out to us or 
@MistTrack_io
 for support and help in recovering your stolen funds. 

Start Today

https://
aml.slowmist.com/en/recovery-fu
nds.html
…",https://x.com/SlowMist_Team/status/1628347436782743553,0,1,0,0,[],[],95,95,378,378,0,252,149981,55,1458,9.72,77.3,51.81,,
2026-05-10T02:46:26.179233+00:00,SlowMist_Team,4,1547142628671913990,2022-07-13T08:55:21.000Z,"Twitter Space Tomorrow!

July 14th, 19:00 (UTC+8)

Host: Sain 
@Sainwellx_OnAir

Guests: 

@SlowMist_Team


@Dominator0081


@DeFiTeddy2020


@Safeheron


@LonersLiu


@TrustlessLabs


Complete the tasks & Get a special OAT

https://
galaxy.eco/SlowMist/campa
ign/GCBJVUt489
…","Twitter Space Tomorrow!

July 14th, 19:00 (UTC+8)

Host: Sain 
@Sainwellx_OnAir

Guests: 

@SlowMist_Team


@Dominator0081


@DeFiTeddy2020


@Safeheron


@LonersLiu


@TrustlessLabs


Complete the tasks & Get a special OAT

https://
galaxy.eco/SlowMist/campa
ign/GCBJVUt489
…",https://x.com/SlowMist_Team/status/1547142628671913990,0,1,0,1,"[""https://pbs.twimg.com/media/FXiKEOBVEAAczVB?format=jpg&name=large""]","[""Image""]",315,315,750,750,0,440,0,0,2885,0.0,53.71,51.81,,
2026-05-10T02:46:26.179233+00:00,CertiKAlert,1,2049821076654297529,2026-04-30T12:00:03.000Z,"#CertiKStatsAlert 

Combining all the incidents in April we’ve confirmed ~$651M lost to exploits with
~$3.5M of the total attributed to phishing.

April has had the highest losses recorded since March 2022 (~$715M), excluding Feb 2025 (Bybit).

More details below","#CertiKStatsAlert 

Combining all the incidents in April we’ve confirmed ~$651M lost to exploits with
~$3.5M of the total attributed to phishing.

April has had the highest losses recorded since March 2022 (~$715M), excluding Feb 2025 (Bybit).

More details below",https://x.com/CertiKAlert/status/2049821076654297529,1,0,0,1,"[""https://pbs.twimg.com/media/HHJhRc-WMAAdY6y?format=jpg&name=large""]","[""Image""]",13,13,24,24,0,59,17180,13,185,10.77,46.59,54.42,,
2026-05-10T02:46:26.179233+00:00,CertiKAlert,2,1649910027908423681,2023-04-22T22:56:19.000Z,"#CertiKSkynetAlert 

Earlier today 
@Coredao_Org
 Discord Server was compromised with a fake phishing link in their announcements.

We are currently working with them to secure their server and implement best practices to prevent future incidents.","#CertiKSkynetAlert 

Earlier today 
@Coredao_Org
 Discord Server was compromised with a fake phishing link in their announcements.

We are currently working with them to secure their server and implement best practices to prevent future incidents.",https://x.com/CertiKAlert/status/1649910027908423681,0,0,0,1,"[""https://pbs.twimg.com/media/FuWOHDLWcAIxn_0?format=jpg&name=large""]","[""Image""]",29,29,144,144,0,646,68017,0,1021,15.01,78.12,54.42,,
2026-05-10T02:46:26.179233+00:00,CertiKAlert,3,1649881122837282816,2023-04-22T21:01:27.000Z,"#CertiKSkynetAlert 


@Coredao_Org
 Discord Server has been compromised with a fake phishing link that has been posted for a “free giveaway CORE airdrop”.

Do not click on any links until the team has confirmed they’ve regained control of the server.

#Hack #Discord 

Stay safe!","#CertiKSkynetAlert 


@Coredao_Org
 Discord Server has been compromised with a fake phishing link that has been posted for a “free giveaway CORE airdrop”.

Do not click on any links until the team has confirmed they’ve regained control of the server.

#Hack #Discord 

Stay safe!",https://x.com/CertiKAlert/status/1649881122837282816,0,0,0,1,"[""https://pbs.twimg.com/media/FuWOHDLWcAIxn_0?format=jpg&name=large""]","[""Image""]",56,56,161,161,0,463,134237,1,956,7.12,64.3,54.42,,
2026-05-10T02:46:26.179233+00:00,CertiKAlert,4,1643569297917091843,2023-04-05T11:00:31.000Z,"#CertiKSkynetAlert 

Beware of a fake BabyDogeCoin Twitter account promoting a phishing URL

Do not interact with hxxps://babydogecoins.co/

URL connects to the same phishing contract we identified in a fake ChainLink site. Scammer has already stolen ~18 ETH

Stay vigilant!","#CertiKSkynetAlert 

Beware of a fake BabyDogeCoin Twitter account promoting a phishing URL

Do not interact with hxxps://babydogecoins.co/

URL connects to the same phishing contract we identified in a fake ChainLink site. Scammer has already stolen ~18 ETH

Stay vigilant!",https://x.com/CertiKAlert/status/1643569297917091843,0,0,0,1,"[""https://pbs.twimg.com/media/Fs8hhdIWAAEfc1q?format=jpg&name=large""]","[""Image""]",63,63,523,523,0,1268,93908,2,2509,26.72,100.0,54.42,,
2026-05-10T02:46:26.179233+00:00,WuBlockchain,1,2053305013087375540,2026-05-10T02:43:58.000Z,"BitGo CEO Slams Report Claiming Quantum Computing Could Break BTC by 2030

CoinDesk reported that post-quantum security firm Project Eleven warned quantum computing could threaten BTC wallet security by 2030. The firm said Bitcoin's bigger challenge is not technical, but coordination: users, exchanges, custodians and miners would all need to migrate to post-quantum cryptography at the same time.

BitGo CEO Mike Belshe pushed back, arguing that the warning comes from a company whose business model depends on public concern over quantum computing.

Source: 
https://
x.com/mikebelshe/sta
tus/2053273766453776806?s=20
…","BitGo CEO Slams Report Claiming Quantum Computing Could Break BTC by 2030

CoinDesk reported that post-quantum security firm Project Eleven warned quantum computing could threaten BTC wallet security by 2030. The firm said Bitcoin's bigger challenge is not technical, but coordination: users, exchanges, custodians and miners would all need to migrate to post-quantum cryptography at the same time.

BitGo CEO Mike Belshe pushed back, arguing that the warning comes from a company whose business model depends on public concern over quantum computing.

Source: 
https://
x.com/mikebelshe/sta
tus/2053273766453776806?s=20
…",https://x.com/WuBlockchain/status/2053305013087375540,0,1,0,1,"[""https://pbs.twimg.com/media/HH7N-utakAEAyc4?format=png&name=large""]","[""Image""]",2,2,1,1,0,2,215,0,10,46.51,41.99,53.23,,
2026-05-10T02:46:26.179233+00:00,WuBlockchain,2,2053289858291134670,2026-05-10T01:43:45.000Z,"Tokenized Stock Volume Surpassed H2 2025 in Q1

According to CoinGecko data, tokenized stock spot trading volume reached $15.12 billion in Q1 2026, surpassing the $14.84 billion recorded in H2 2025.

The broader tokenized RWA market grew 256.7% in 15 months, rising from $5.42 billion at the start of 2025 to $19.32 billion by the end of Q1 2026. Tokenized gold spot volume hit $90.7 billion in Q1, already exceeding its full-year 2025 total, while RWA perpetuals reached $524.79 billion in Q1 volume, well above the $313.02 billion recorded across 2025.

Source: 
https://
x.com/coingecko/stat
us/2053063614580330545?s=20
…","Tokenized Stock Volume Surpassed H2 2025 in Q1

According to CoinGecko data, tokenized stock spot trading volume reached $15.12 billion in Q1 2026, surpassing the $14.84 billion recorded in H2 2025.

The broader tokenized RWA market grew 256.7% in 15 months, rising from $5.42 billion at the start of 2025 to $19.32 billion by the end of Q1 2026. Tokenized gold spot volume hit $90.7 billion in Q1, already exceeding its full-year 2025 total, while RWA perpetuals reached $524.79 billion in Q1 volume, well above the $313.02 billion recorded across 2025.

Source: 
https://
x.com/coingecko/stat
us/2053063614580330545?s=20
…",https://x.com/WuBlockchain/status/2053289858291134670,0,1,0,1,"[""https://pbs.twimg.com/media/HH7AOcqbkAAB_wN?format=jpg&name=large""]","[""Image""]",5,5,1,1,0,11,2947,0,28,9.5,31.66,53.23,,
2026-05-10T02:46:26.179233+00:00,WuBlockchain,3,2053248765168071045,2026-05-09T23:00:27.000Z,"Source: 
https://
youtu.be/wMTUAq2UuQo?si
=tJyURBzvCB4KsSs6
…","Source: 
https://
youtu.be/wMTUAq2UuQo?si
=tJyURBzvCB4KsSs6
…",https://x.com/WuBlockchain/status/2053248765168071045,0,1,0,0,[],[],0,0,0,0,0,1,2389,0,1,0.42,8.83,53.23,,
2026-05-10T02:46:26.179233+00:00,WuBlockchain,4,2053233554927063357,2026-05-09T22:00:01.000Z,"Vitalik Signals ""ZK Payments"" as Next Standard for the Agent Era  

Vitalik Buterin 
@VitalikButerin
 stated that at the protocol level for native agent standards, the next step for payments is likely ZK Payments. He believes that in AI scenarios, persistent pseudonymous identities will eventually lose all privacy. 

The team is developing a ZK API to isolate each request, which protects privacy without requiring an on-chain transaction for every single action, and can be combined with security deposits to prevent abuse.","Vitalik Signals ""ZK Payments"" as Next Standard for the Agent Era  

Vitalik Buterin 
@VitalikButerin
 stated that at the protocol level for native agent standards, the next step for payments is likely ZK Payments. He believes that in AI scenarios, persistent pseudonymous identities will eventually lose all privacy. 

The team is developing a ZK API to isolate each request, which protects privacy without requiring an on-chain transaction for every single action, and can be combined with security deposits to prevent abuse.",https://x.com/WuBlockchain/status/2053233554927063357,0,0,0,0,[],[],15,15,15,15,0,45,11176,12,156,13.96,50.69,53.23,,
